height,weight,size
177.6,81.5,xl
170.2,72.6,l
173.5,92.9,xl
165.5,79.4,xl
191.4,94.6,l
172.0,80.2,xl
181.0,116.2,xl
185.0,95.4,xl
177.7,99.5,xl
181.1,70.2,m
178.0,88.2,xl
173.3,70.1,m
181.4,103.7,xl
186.1,111.6,xl
170.9,89.6,xl
174.0,92.4,xl
169.4,77.9,xl
176.6,96.9,xl
174.8,76.0,l
179.4,90.8,xl
178.0,71.4,l
168.0,74.6,l
165.3,79.2,xl
195.9,91.5,l
175.5,96.5,xl
163.0,67.5,l
182.5,107.3,xl
179.5,79.3,l
174.5,78.2,m
181.8,88.2,xl
188.1,71.5,m
176.0,94.7,xl
167.5,66.5,l
185.2,87.9,xl
178.5,67.5,m
179.1,88.4,xl
168.5,69.5,l
185.0,121.8,xl
173.7,71.9,m
174.3,88.1,xl
174.4,57.5,xs
167.9,87.6,xl
183.6,85.0,l
173.0,86.5,xl
176.2,95.8,xl
166.9,66.7,m
174.0,70.6,m
170.9,84.7,xl
187.9,101.3,xl
167.4,85.6,xl
177.9,109.5,xl
184.4,83.4,xl
163.7,72.7,xl
175.4,98.6,xl
170.4,77.3,l
184.0,140.0,xl
178.3,67.4,s
174.8,88.4,xl
170.3,98.8,xl
185.2,95.2,xl
160.9,56.6,s
170.9,71.7,l
183.5,71.7,m
167.9,80.2,xl
174.2,98.8,xl
169.8,66.2,m
167.1,80.7,xl
185.0,105.3,xl
175.4,68.3,m
161.9,74.9,m
177.2,73.8,m
170.5,60.4,m
161.9,77.4,xl
172.6,76.8,l
184.0,102.2,xl
174.3,96.3,xl
167.4,92.3,xl
175.0,98.8,xl
181.9,88.7,l
179.9,98.7,xl
175.0,85.2,xl
172.3,74.8,l
180.9,92.0,xl
179.1,74.4,m
172.3,82.3,xl
157.8,62.7,m
171.8,77.8,xl
179.9,88.2,xl
174.0,59.0,s
170.2,73.0,l
173.7,86.4,xl
173.0,86.6,xl
178.5,73.7,m
181.7,65.4,s
184.3,69.6,s
179.1,77.5,l
165.7,72.7,l
170.1,79.7,xl
178.6,74.4,l
175.5,96.8,xl
179.1,86.6,xl
175.9,74.2,l
179.0,92.0,xl
178.2,81.4,l
183.9,64.6,s
188.0,95.4,xl
173.8,85.3,xl
173.4,90.0,xl
181.9,83.5,l
168.3,85.1,xl
181.5,89.7,xl
181.5,87.2,xl
167.3,82.2,xl
183.1,111.2,xl
179.5,98.7,xl
184.5,110.5,xl
168.7,78.2,l
175.6,86.9,xl
184.6,141.3,xl
165.7,78.9,l
163.2,69.0,l
173.5,79.2,l
172.6,69.9,l
187.7,121.2,xl
188.7,87.8,xl
176.5,70.6,m
179.3,82.2,l
184.9,99.2,xl
181.1,76.0,l
173.9,98.8,xl
166.8,75.9,l
178.8,89.8,xl
174.6,78.2,l
175.0,83.1,xl
181.0,99.6,xl
171.0,74.2,l
184.7,96.8,xl
181.1,91.6,xl
178.0,108.0,xl
174.0,78.8,l
179.7,94.9,xl
175.5,90.6,xl
184.2,106.9,xl
165.6,87.4,xl
177.6,87.9,xl
185.9,115.4,xl
168.5,79.0,l
177.5,88.7,xl
182.5,86.6,l
193.1,80.6,l
178.9,96.6,xl
181.9,109.9,xl
178.2,77.1,xl
172.1,95.1,xl
191.0,111.8,xl
180.4,89.5,xl
178.2,106.0,xl
177.7,95.1,xl
166.5,72.1,l
180.3,87.2,xl
187.9,97.8,xl
173.3,97.4,xl
183.5,95.8,xl
179.2,112.3,xl
172.1,90.0,xl
171.1,94.8,xl
180.9,95.0,xl
166.4,73.9,l
180.7,103.6,xl
170.5,77.7,l
195.5,108.0,xl
173.0,84.0,xl
177.4,96.4,xl
172.4,70.7,m
170.5,70.5,m
183.8,85.1,xl
170.6,86.5,xl
180.9,97.2,xl
177.3,82.2,xl
173.4,84.2,xl
174.8,72.3,l
165.1,89.6,xl
172.4,75.5,l
186.0,73.2,m
171.5,70.1,s
175.7,78.3,l
191.6,116.4,xl
184.7,79.9,l
185.5,90.8,xl
171.8,67.7,m
164.1,85.8,xl
183.3,85.2,l
178.4,103.3,xl
177.0,103.4,xl
170.2,72.5,m
180.0,71.1,m
171.5,67.8,l
184.2,78.2,m
171.0,90.9,xl
175.3,84.0,xl
193.5,108.6,xl
173.8,75.8,l
177.0,83.3,l
172.0,87.0,l
167.3,72.8,m
171.5,110.9,xl
182.2,94.5,xl
191.3,114.1,xl
175.6,90.7,xl
173.5,84.6,xl
172.6,81.8,xl
171.6,86.9,xl
171.7,68.2,m
171.8,68.0,m
174.7,94.7,xl
156.7,47.4,xs
189.4,115.8,xl
173.8,72.9,l
186.2,107.8,xl
165.4,54.0,xs
163.7,85.4,xl
173.8,87.1,xl
181.3,107.1,xl
173.8,79.1,l
181.5,109.6,xl
173.6,115.0,xl
168.9,86.6,xl
174.0,75.6,l
178.2,83.4,xl
178.4,81.2,l
164.7,84.5,xl
174.0,94.1,xl
166.4,64.4,m
180.5,112.4,xl
174.5,90.7,xl
160.5,71.8,m
183.0,97.1,xl
181.0,81.3,xl
173.1,75.5,l
184.5,79.7,l
177.5,64.8,s
179.5,107.9,xl
166.4,87.4,xl
175.2,98.2,xl
181.4,89.3,xl
183.6,108.7,xl
162.8,77.5,xl
164.0,80.1,xl
172.8,87.4,xl
160.6,56.8,s
186.1,117.4,xl
176.1,86.3,xl
175.4,97.0,xl
174.1,77.9,xl
165.7,55.6,s
166.0,53.3,s
167.8,93.3,xl
173.5,86.6,xl
175.0,109.6,xl
170.1,67.6,m
174.2,71.8,m
181.8,91.6,xl
178.5,87.1,xl
166.6,70.1,m
178.1,111.5,xl
180.2,108.4,xl
166.9,63.7,s
183.7,96.4,xl
188.1,105.4,xl
178.2,88.7,xl
190.0,114.5,xl
175.5,89.0,xl
173.0,68.8,m
162.4,71.0,l
175.5,102.1,xl
170.3,78.4,xl
176.2,110.5,xl
172.0,81.9,xl
171.1,87.1,xl
192.7,86.9,l
178.4,77.5,xl
183.5,109.8,xl
182.3,96.5,xl
164.0,67.4,l
170.4,102.6,xl
173.0,60.1,s
165.6,67.6,m
166.8,86.7,xl
163.5,82.6,xl
186.1,86.2,l
166.7,82.1,xl
176.0,67.5,m
175.2,86.0,xl
188.6,95.4,xl
172.9,97.0,xl
179.0,89.5,xl
174.5,101.6,xl
167.7,75.8,l
172.5,71.5,l
174.8,88.4,xl
161.0,45.9,xs
170.5,75.6,l
183.3,99.5,xl
182.0,113.8,xl
177.6,84.0,l
179.1,111.4,xl
197.0,90.2,xl
181.4,92.4,xl
178.2,86.0,xl
171.7,84.2,l
186.0,93.9,xl
176.3,92.1,xl
162.4,72.4,l
172.3,88.6,xl
167.4,75.3,xl
174.4,85.7,l
174.8,98.0,xl
180.5,74.4,l
177.5,68.0,m
173.0,67.7,m
174.0,73.5,l
175.2,64.9,s
167.3,76.6,xl
185.0,86.0,l
180.2,80.9,xl
172.7,80.1,xl
171.7,77.3,l
167.2,88.0,xl
185.0,90.5,xl
195.8,86.6,l
170.8,84.5,xl
192.3,120.3,xl
168.4,76.9,l
176.2,99.5,xl
186.9,105.4,xl
176.8,87.2,xl
166.8,75.0,xl
165.8,86.5,xl
182.3,96.2,xl
185.6,72.7,m
179.2,78.5,l
170.9,75.2,l
177.5,74.4,l
171.2,81.8,xl
176.9,87.3,xl
165.1,69.7,m
177.0,82.4,l
192.8,99.9,xl
175.1,86.7,xl
159.7,72.5,l
182.0,72.8,m
182.1,71.5,m
181.3,127.4,xl
182.6,96.1,xl
167.5,101.8,xl
172.2,86.9,xl
171.8,84.0,xl
172.6,83.4,xl
176.7,73.3,l
170.1,73.5,xl
174.4,76.6,l
168.0,85.8,l
158.1,56.0,s
173.1,75.4,l
182.5,94.1,xl
163.5,92.0,xl
173.6,90.5,xl
169.2,102.1,xl
166.5,65.0,m
185.6,97.7,xl
187.4,113.0,xl
167.2,89.4,xl
180.7,76.3,l
189.2,124.1,xl
179.5,87.6,l
179.8,68.9,s
172.1,73.6,m
168.7,75.9,l
174.5,70.2,l
183.6,101.8,xl
175.1,88.7,xl
185.6,126.6,xl
170.2,84.2,xl
171.7,69.9,l
175.9,71.3,m
178.9,109.9,xl
183.8,104.2,xl
163.9,63.3,s
167.4,92.1,xl
174.5,95.5,xl
166.2,70.9,l
167.4,77.3,l
168.8,78.1,l
174.4,101.7,xl
177.3,102.8,xl
183.5,91.0,xl
173.6,78.7,l
166.8,78.1,xl
179.1,93.1,xl
181.6,79.3,l
178.1,81.2,xl
175.9,62.1,s
167.3,75.8,l
173.4,74.5,l
164.0,81.9,xl
166.3,71.4,l
164.6,86.5,xl
181.0,109.1,xl
170.1,78.0,xl
185.0,94.2,xl
176.4,83.2,xl
186.3,83.8,xl
176.4,98.7,xl
181.1,95.8,xl
179.5,96.2,xl
158.3,54.5,s
176.8,77.7,l
188.6,81.9,xl
168.1,88.5,xl
169.8,79.1,l
170.8,86.8,xl
164.2,85.4,xl
178.9,100.8,xl
166.4,80.7,xl
188.0,102.1,xl
174.0,92.2,xl
171.0,65.6,m
173.8,86.4,xl
177.7,81.2,l
161.3,70.9,xl
164.9,87.0,xl
178.6,78.0,m
173.0,73.4,l
176.3,81.9,l
176.8,61.8,s
183.4,73.2,m
176.7,68.2,m
184.4,91.0,xl
185.9,79.5,l
174.0,85.9,xl
170.4,69.4,m
180.7,107.5,xl
171.8,65.7,m
175.0,69.0,m
171.6,70.0,l
177.0,84.2,xl
186.5,94.9,xl
175.9,71.5,m
192.6,101.0,xl
170.5,70.0,m
178.1,82.5,xl
176.6,81.0,l
181.4,80.7,l
183.0,81.9,m
173.8,68.4,m
186.8,90.4,l
166.8,90.6,xl
185.3,109.4,xl
157.1,77.4,xl
172.3,90.4,xl
182.9,99.2,xl
169.6,77.7,xl
172.7,62.8,s
178.5,79.1,l
169.8,66.2,m
184.5,86.8,xl
177.2,76.8,l
171.4,85.6,xl
177.2,94.2,xl
174.7,79.9,l
174.3,85.6,xl
176.6,89.9,xl
180.0,120.4,xl
178.4,74.4,l
177.3,80.9,xl
172.7,73.2,l
171.9,77.8,l
180.1,60.3,s
178.1,72.4,l
171.3,83.0,xl
174.9,78.4,m
161.9,66.3,l
165.8,76.0,xl
182.2,93.7,xl
173.0,93.1,xl
166.1,75.6,xl
185.8,83.3,l
176.5,75.7,l
195.2,100.8,xl
180.0,104.2,xl
170.8,69.2,m
174.9,91.0,xl
164.9,86.1,xl
170.5,83.5,xl
183.6,99.4,xl
182.5,64.5,m
165.3,61.3,m
172.0,70.8,m
170.8,88.9,xl
172.5,83.6,xl
183.5,118.0,xl
172.8,85.9,xl
174.8,89.2,xl
180.5,75.1,m
173.5,77.8,xl
168.7,83.1,xl
171.0,74.9,l
178.6,63.0,s
175.1,88.0,xl
175.0,72.2,l
175.8,62.1,s
178.5,75.0,l
176.3,96.9,xl
170.8,85.4,xl
176.3,90.7,xl
175.0,85.8,xl
171.0,86.6,xl
180.3,92.7,xl
172.5,91.0,xl
181.7,94.2,xl
172.3,73.6,xl
159.8,66.6,l
171.7,78.4,m
173.7,120.8,xl
181.4,99.9,xl
172.1,80.4,xl
181.8,95.1,xl
173.5,88.0,xl
176.0,75.7,l
179.3,81.9,xl
172.2,97.2,xl
185.0,94.5,xl
171.9,91.2,xl
174.0,76.1,l
173.1,90.2,xl
184.2,81.3,l
180.0,106.6,xl
171.0,78.2,l
180.3,101.8,xl
180.0,81.8,l
174.4,84.7,xl
173.5,100.5,xl
170.6,92.5,xl
168.7,65.1,m
180.3,86.7,xl
189.7,86.7,xl
176.8,91.4,xl
165.2,77.1,xl
174.9,63.5,m
177.2,87.2,xl
178.8,89.4,xl
183.3,86.6,l
176.0,82.9,l
166.2,60.7,m
189.9,102.9,xl
170.0,68.1,l
192.3,88.9,l
178.2,71.6,m
177.3,81.6,xl
177.9,88.5,xl
171.8,86.3,xl
174.4,94.2,xl
176.1,95.8,xl
172.2,62.5,m
181.4,77.2,m
178.6,72.2,m
165.9,97.5,xl
171.1,87.9,xl
164.7,107.1,xl
171.0,87.2,l
180.5,74.2,l
167.1,64.9,s
173.5,65.4,m
175.8,87.1,xl
180.4,94.2,xl
173.1,83.7,xl
177.9,74.5,l
185.2,108.7,xl
172.5,101.9,xl
176.8,90.6,xl
170.9,83.1,xl
174.0,86.2,xl
183.6,101.4,xl
174.7,92.6,xl
172.5,80.8,l
174.5,97.2,xl
173.6,82.3,xl
182.5,65.9,m
174.2,87.8,xl
179.3,91.8,l
174.7,111.4,xl
174.3,74.0,m
183.2,94.9,xl
170.8,69.8,m
180.2,96.8,xl
175.7,88.3,xl
186.1,98.2,xl
180.0,79.3,l
170.8,91.8,xl
177.4,90.0,xl
172.3,100.9,xl
182.8,62.5,s
180.8,116.1,xl
168.3,68.3,l
173.6,65.2,m
172.2,80.8,xl
176.1,103.4,xl
181.4,107.7,xl
181.5,73.7,l
180.0,95.9,xl
182.2,86.7,xl
165.4,77.6,xl
162.1,92.7,xl
171.6,78.3,l
164.4,86.2,xl
168.2,96.0,xl
165.1,60.9,s
170.4,90.4,xl
178.4,80.3,l
164.0,75.0,xl
168.8,70.8,m
179.5,80.3,l
183.9,68.1,s
171.0,84.0,xl
173.0,92.9,xl
166.9,97.5,xl
178.2,110.8,xl
174.5,80.1,l
165.5,86.6,xl
180.3,97.9,xl
173.5,116.4,xl
172.9,97.7,xl
173.8,79.3,m
178.0,85.5,xl
183.6,81.8,l
172.2,92.1,xl
190.7,114.0,xl
163.9,88.2,xl
178.4,87.8,l
165.7,87.4,xl
174.3,73.4,xl
176.3,99.9,xl
168.8,90.2,xl
175.1,88.2,xl
180.8,85.7,xl
181.8,86.2,xl
167.0,84.1,xl
189.3,108.4,xl
180.2,81.6,xl
169.7,91.4,xl
172.2,93.0,xl
174.5,89.7,xl
172.9,98.2,xl
174.0,82.9,xl
167.4,77.1,l
174.2,90.3,xl
177.7,88.0,xl
178.0,104.3,xl
160.0,63.3,m
170.7,97.3,xl
178.1,79.7,xl
176.5,72.0,m
178.4,65.9,s
180.8,124.7,xl
170.2,82.1,xl
177.7,75.9,l
172.8,77.4,l
174.6,77.5,xl
171.7,78.5,l
180.9,75.3,l
174.2,87.2,l
194.6,91.8,xl
178.7,90.0,xl
182.5,82.5,xl
191.5,87.7,l
183.1,86.0,l
179.8,93.2,xl
177.0,69.9,m
173.3,72.3,m
170.6,70.4,l
180.2,83.7,m
170.7,79.5,l
173.6,122.2,xl
178.7,97.4,xl
161.3,68.4,l
163.8,58.4,m
177.9,96.1,xl
177.0,66.6,m
173.4,93.8,xl
171.2,77.6,xl
181.7,90.3,xl
161.8,60.1,m
167.3,73.2,l
174.5,102.6,xl
183.6,67.5,s
172.2,73.8,m
171.8,94.1,xl
182.4,75.9,m
194.1,88.7,l
188.3,65.0,m
183.8,74.2,l
177.2,75.6,m
179.7,109.5,xl
169.9,66.9,m
170.0,104.5,xl
170.7,81.7,xl
181.8,87.4,l
170.8,69.1,l
178.7,83.6,l
175.0,67.8,l
174.2,95.0,xl
162.3,91.5,xl
177.1,82.4,xl
172.4,81.6,l
195.1,99.6,xl
172.9,70.5,m
171.9,59.6,m
172.3,89.9,xl
169.4,82.2,xl
169.1,79.9,xl
173.3,78.6,l
167.7,76.6,xl
175.8,66.7,m
189.9,120.9,xl
176.1,77.8,l
171.6,74.4,l
174.1,93.1,xl
177.4,88.2,xl
171.4,84.6,xl
174.5,96.1,xl
175.4,101.4,xl
172.7,85.4,xl
177.4,90.5,xl
175.6,99.0,xl
175.6,82.2,xl
177.4,87.6,xl
168.1,86.0,xl
170.2,85.8,xl
173.5,90.9,xl
174.4,99.8,xl
173.2,91.7,xl
171.1,78.8,xl
163.5,69.7,l
170.6,80.6,xl
177.1,86.1,xl
179.2,108.2,xl
183.1,94.9,xl
185.2,99.3,xl
182.1,99.5,xl
175.4,101.8,xl
168.4,73.9,xl
170.9,90.1,xl
182.6,97.1,xl
179.5,89.7,xl
178.2,78.0,l
176.9,99.1,xl
174.5,87.2,xl
180.3,94.6,xl
173.5,90.9,xl
178.5,71.7,l
166.1,73.2,xl
178.4,107.5,xl
177.3,81.3,xl
179.0,94.9,xl
172.5,84.6,xl
183.0,79.5,l
169.9,84.4,xl
177.3,74.7,l
169.0,73.6,xl
177.4,86.2,xl
173.4,78.4,xl
180.4,101.4,xl
165.5,71.6,l
176.5,79.6,l
178.1,94.5,xl
187.1,85.8,xl
156.6,86.7,xl
178.2,87.1,xl
173.7,95.2,xl
175.0,80.0,xl
190.4,105.4,xl
178.5,84.8,xl
176.3,89.5,xl
173.5,81.7,xl
172.7,90.3,xl
190.3,122.3,xl
178.8,92.5,xl
182.1,105.6,xl
164.7,91.4,xl
187.3,96.3,xl
175.6,79.1,xl
179.4,108.3,xl
173.2,97.4,xl
167.8,84.6,xl
180.6,107.4,xl
161.1,75.9,xl
189.0,112.9,xl
178.3,93.3,xl
185.7,104.0,xl
177.4,91.4,xl
184.3,110.7,xl
172.9,95.9,xl
194.0,106.4,xl
172.1,78.8,xl
182.8,90.0,xl
176.2,90.3,xl
171.5,80.9,xl
178.3,87.2,xl
170.7,89.3,xl
181.2,93.4,xl
186.0,88.8,xl
176.8,89.1,xl
176.1,95.4,xl
172.2,95.8,xl
178.9,81.2,l
178.0,102.4,xl
176.8,84.6,xl
165.9,89.3,xl
173.3,78.4,xl
192.4,101.4,xl
169.8,80.1,xl
179.1,100.3,xl
180.0,87.1,xl
184.8,92.8,xl
174.7,80.9,xl
190.5,117.1,xl
167.1,88.2,xl
166.9,74.9,l
181.0,95.7,xl
186.5,88.1,l
180.1,71.0,l
170.7,78.8,xl
170.7,84.4,xl
171.5,89.5,xl
180.3,93.1,xl
171.7,90.4,xl
182.3,106.1,xl
176.8,85.8,xl
162.2,85.8,xl
178.0,90.9,xl
171.6,93.9,xl
177.8,109.7,xl
170.4,66.9,m
178.3,85.6,xl
177.5,96.4,xl
174.9,75.9,m
179.4,81.8,xl
172.4,88.5,xl
183.1,104.6,xl
186.7,90.5,xl
179.4,85.6,xl
177.7,89.3,xl
177.1,82.7,xl
180.5,101.2,xl
173.9,83.2,xl
173.3,94.2,xl
169.4,96.6,xl
182.1,103.6,xl
176.5,78.8,l
177.9,87.3,xl
180.2,92.6,xl
178.3,84.6,xl
185.3,87.8,xl
174.4,80.8,xl
170.9,81.6,xl
185.5,89.5,xl
176.5,88.2,xl
176.4,89.0,xl
180.7,101.5,xl
177.5,89.5,l
176.0,79.5,l
185.1,91.5,xl
173.4,73.4,xl
178.1,108.7,xl
175.8,95.9,xl
163.5,74.3,xl
174.5,83.7,xl
174.0,79.1,xl
173.9,85.1,xl
177.4,80.2,l
180.2,95.8,xl
172.8,82.8,l
171.0,77.9,xl
173.5,83.3,xl
167.1,57.8,s
179.1,105.5,xl
179.4,89.8,xl
185.3,93.7,xl
171.2,88.7,xl
177.7,79.7,xl
181.5,100.1,xl
185.9,82.7,m
160.9,77.1,xl
166.0,84.4,xl
186.3,95.3,xl
181.9,77.9,xl
172.6,71.3,xl
171.7,106.4,xl
176.2,94.4,xl
178.2,81.0,l
178.2,80.8,xl
173.4,82.6,xl
152.8,66.3,xl
175.0,72.5,l
179.3,76.6,l
170.6,76.6,xl
179.4,104.7,xl
177.8,72.7,l
170.0,79.7,xl
168.9,95.0,xl
165.9,87.4,xl
165.3,91.4,xl
164.7,85.2,xl
179.4,78.2,m
168.1,76.2,xl
170.0,90.8,xl
175.5,76.7,l
171.0,85.9,xl
184.5,106.7,xl
169.6,84.9,xl
179.2,70.0,m
173.5,65.7,m
167.7,84.5,xl
176.7,98.7,xl
175.1,85.7,xl
176.9,104.5,xl
173.6,89.3,xl
187.3,103.2,xl
174.3,89.4,xl
177.5,66.6,s
171.7,89.0,xl
170.6,105.6,xl
176.1,84.3,xl
166.0,74.6,l
166.5,59.7,m
177.3,82.6,xl
173.5,90.7,xl
172.3,87.7,xl
169.3,68.5,l
172.8,76.7,l
180.9,108.1,xl
167.1,77.2,l
177.5,82.9,l
172.7,85.7,xl
167.5,69.1,l
169.7,80.6,xl
176.0,73.7,l
176.6,77.5,l
170.7,100.6,xl
179.8,86.0,xl
168.2,59.7,s
174.7,97.9,xl
196.6,89.7,l
173.7,101.6,xl
186.3,111.9,xl
185.7,71.1,m
184.9,105.7,xl
183.6,82.8,l
173.0,85.1,xl
195.0,104.7,xl
163.7,78.1,l
179.6,98.4,xl
169.2,76.1,l
162.4,76.4,xl
162.0,97.0,xl
168.6,86.8,xl
174.4,80.1,xl
171.3,86.1,xl
175.0,79.4,xl
178.8,105.1,xl
183.0,84.8,l
171.1,63.0,m
184.1,134.4,xl
178.4,97.4,xl
191.5,80.4,m
183.5,83.8,xl
190.5,126.2,xl
181.7,115.6,xl
184.7,105.3,xl
172.4,67.8,m
178.2,95.7,xl
171.7,70.3,m
178.1,65.7,s
183.3,89.5,xl
174.1,75.8,l
182.4,90.6,xl
176.6,72.0,m
182.1,104.8,xl
179.8,116.1,xl
183.2,86.6,xl
168.5,60.1,s
178.8,112.0,xl
176.5,76.2,l
181.8,127.8,xl
168.7,52.9,xs
175.1,91.8,xl
177.8,83.0,l
180.9,105.3,xl
178.7,89.9,xl
184.4,84.9,xl
179.0,82.3,xl
169.3,65.9,m
173.4,78.8,xl
183.4,78.7,l
183.0,95.4,xl
184.2,97.0,xl
187.6,105.2,xl
166.5,64.9,l
189.0,102.4,xl
173.7,77.4,xl
185.6,89.1,xl
182.7,70.1,m
177.2,95.3,xl
172.5,102.9,xl
174.1,71.7,m
192.4,113.4,xl
185.2,92.4,xl
183.3,97.5,xl
164.8,75.4,l
173.3,82.6,xl
168.1,93.1,xl
174.5,111.2,xl
170.0,80.8,xl
168.9,81.1,xl
180.3,96.2,xl
186.1,100.3,xl
175.4,99.9,xl
181.7,100.3,xl
170.9,77.3,xl
180.2,78.2,l
183.7,95.6,xl
177.1,66.0,s
187.9,108.7,xl
184.9,110.7,xl
173.5,93.5,xl
180.7,84.8,l
179.1,96.3,xl
170.0,64.6,s
186.2,102.6,xl
172.7,88.4,xl
168.4,67.4,m
170.9,82.3,xl
176.1,73.0,m
172.5,88.9,xl
165.7,77.1,l
173.8,69.9,s
193.6,83.1,l
186.9,116.3,xl
183.4,98.6,xl
192.8,132.5,xl
183.1,104.8,xl
175.8,82.4,xl
172.1,65.0,m
188.3,96.1,xl
181.1,97.9,xl
170.0,54.0,xs
166.4,60.8,s
173.3,73.9,l
183.9,104.4,xl
160.0,39.3,xs
177.1,89.7,xl
185.9,125.8,xl
183.9,81.6,m
175.9,73.4,l
168.8,87.5,xl
179.2,75.3,l
179.0,81.9,xl
177.3,85.2,xl
176.5,65.5,m
173.2,99.7,xl
181.0,86.1,l
172.8,59.3,s
181.4,101.9,xl
177.2,79.5,xl
175.0,70.9,m
180.3,78.3,l
173.7,72.7,m
183.9,86.7,xl
188.0,99.1,xl
178.5,82.8,xl
179.4,84.0,xl
172.8,82.3,l
169.9,70.8,m
177.1,67.0,m
176.8,70.3,m
171.2,90.2,xl
167.4,60.0,m
172.9,91.0,xl
174.6,91.2,xl
160.9,83.7,xl
179.7,82.0,xl
180.9,115.5,xl
173.5,57.9,s
171.8,93.5,xl
177.6,86.4,xl
165.8,55.8,s
185.6,98.5,xl
170.4,97.2,xl
178.7,93.4,xl
165.3,85.7,xl
185.3,85.6,xl
177.9,63.4,s
175.9,88.3,xl
173.8,59.1,s
171.2,95.8,xl
170.3,69.8,m
173.6,74.2,l
172.0,79.9,l
178.6,109.9,xl
171.1,87.3,xl
172.4,65.8,m
173.6,98.3,xl
173.6,63.8,s
181.0,129.8,xl
167.8,74.6,l
174.6,80.4,l
173.6,77.3,l
177.4,98.0,xl
175.0,79.6,l
188.0,106.2,xl
170.3,79.0,xl
192.1,100.1,xl
182.6,84.6,l
182.2,74.1,m
167.9,59.1,s
176.6,82.2,xl
173.5,64.3,s
181.2,87.8,xl
175.2,79.9,l
165.3,81.1,xl
177.4,109.6,xl
171.4,68.9,m
176.4,82.7,l
183.2,88.3,l
180.0,89.8,xl
170.4,112.8,xl
179.9,94.9,xl
173.3,76.5,l
177.5,105.9,xl
165.0,55.7,s
168.8,91.0,xl
168.2,85.2,xl
171.5,90.3,xl
169.1,95.6,xl
175.8,87.5,xl
184.4,104.6,xl
182.0,85.9,xl
174.5,78.4,xl
184.8,74.8,m
176.8,103.6,xl
176.9,82.8,xl
181.8,85.7,xl
167.3,74.5,l
172.4,87.1,xl
172.2,73.5,l
176.1,78.3,xl
176.1,90.3,xl
169.3,64.2,m
168.6,82.4,xl
168.3,69.0,l
168.8,76.9,l
176.4,88.1,xl
180.2,86.2,xl
188.1,80.7,l
168.2,92.4,xl
179.9,101.5,xl
184.1,110.2,xl
177.6,77.1,l
173.4,99.5,xl
175.9,63.5,m
182.7,105.6,xl
183.5,109.2,xl
174.4,73.1,l
177.2,83.4,xl
165.0,73.7,l
174.5,80.3,l
180.5,83.2,l
166.0,66.1,m
182.4,102.9,xl
185.7,108.1,xl
179.0,103.4,xl
180.7,81.3,xl
174.6,69.6,m
167.6,81.7,xl
178.9,91.9,xl
178.5,107.0,xl
182.9,106.1,xl
168.0,75.5,l
176.4,86.2,xl
168.2,80.4,xl
176.4,96.5,xl
173.0,88.0,xl
186.7,105.3,xl
167.3,70.8,l
191.2,125.4,xl
173.4,75.8,xl
167.0,86.3,xl
173.2,76.1,l
180.5,94.7,xl
170.5,68.3,m
168.9,81.2,xl
177.5,85.4,xl
180.9,97.4,xl
180.8,96.8,xl
171.3,71.7,m
174.8,82.1,xl
171.1,100.8,xl
182.2,100.4,xl
174.4,85.5,xl
186.7,83.2,xl
192.3,111.4,xl
167.6,81.4,xl
176.2,88.1,xl
171.7,91.9,xl
175.1,117.9,xl
173.0,103.5,xl
175.9,121.3,xl
168.1,68.1,l
178.1,105.1,xl
172.4,65.8,m
184.7,95.6,xl
176.0,86.7,xl
178.5,103.8,xl
180.5,81.3,l
178.1,97.8,xl
166.1,76.4,xl
176.0,97.2,xl
167.9,93.4,xl
181.9,96.2,xl
171.9,84.0,xl
173.0,89.5,xl
170.2,91.9,xl
179.6,92.9,xl
181.8,119.8,xl
169.5,75.2,l
178.0,95.4,xl
184.8,109.3,xl
185.1,105.7,xl
166.6,102.5,xl
176.8,86.5,xl
179.0,99.7,xl
170.2,97.2,xl
187.7,113.7,xl
178.0,84.5,xl
175.2,77.1,l
177.6,84.3,xl
167.4,87.8,xl
172.1,101.9,xl
171.7,87.0,xl
170.5,76.0,l
169.3,86.4,xl
176.8,94.6,xl
174.0,101.1,xl
178.0,87.3,xl
180.3,73.0,m
178.5,71.1,l
177.6,99.0,xl
175.5,100.1,xl
159.1,70.1,xl
186.0,112.5,xl
174.3,69.9,l
174.4,76.5,l
179.0,100.7,xl
179.9,103.4,xl
173.0,103.2,xl
168.2,65.6,m
173.5,92.1,xl
172.8,105.2,xl
169.2,63.2,m
183.4,67.1,m
185.3,102.6,xl
172.2,97.4,xl
174.0,75.2,l
170.7,85.6,xl
177.1,72.4,m
180.3,87.4,xl
180.5,99.5,xl
181.5,94.6,xl
188.2,103.9,xl
175.4,93.2,xl
166.8,75.9,xl
183.5,85.3,xl
182.9,103.2,xl
182.7,107.8,xl
178.5,96.2,xl
171.5,96.1,xl
182.7,76.2,m
179.6,71.2,l
169.3,78.6,xl
171.3,81.8,xl
182.3,76.0,l
184.2,95.2,xl
167.3,76.4,xl
177.1,100.1,xl
172.9,75.8,m
183.3,92.1,xl
172.4,84.5,xl
176.5,92.8,xl
173.0,91.3,xl
169.4,96.6,xl
166.8,79.8,xl
180.3,91.5,xl
181.4,95.5,xl
179.6,114.6,xl
181.1,114.2,xl
177.1,69.8,m
182.6,95.1,xl
178.5,102.1,xl
171.7,83.6,xl
178.1,108.1,xl
171.8,84.5,xl
179.7,91.1,xl
181.7,97.4,xl
176.7,90.9,xl
182.2,86.7,xl
166.5,59.4,s
182.7,89.2,xl
179.1,87.9,l
182.2,100.7,xl
182.0,101.6,xl
176.6,96.9,xl
177.4,104.7,xl
181.4,110.0,xl
183.8,119.2,xl
184.2,80.9,xl
178.1,78.7,l
189.3,74.4,m
180.1,125.6,xl
189.4,99.7,xl
160.7,63.2,m
183.2,82.9,xl
172.5,82.2,xl
184.2,71.4,m
173.8,92.7,xl
179.2,74.6,l
174.6,108.3,xl
178.0,80.0,l
178.0,94.0,xl
176.7,69.5,l
184.5,110.5,xl
171.9,85.0,xl
173.0,93.6,xl
187.2,84.1,l
179.7,85.5,xl
180.5,118.3,xl
172.5,84.7,xl
166.4,81.7,xl
178.8,85.0,xl
172.3,78.9,l
182.1,104.5,xl
174.5,80.4,l
168.5,89.9,xl
171.5,72.7,m
177.5,104.1,xl
176.3,90.8,xl
174.5,81.1,l
168.6,71.0,l
174.0,95.3,xl
177.1,84.0,xl
170.1,64.6,s
184.7,86.3,l
166.8,81.2,xl
172.1,91.5,xl
181.1,110.8,xl
167.2,71.0,m
177.0,106.7,xl
172.2,96.6,xl
181.1,115.8,xl
179.5,96.8,xl
169.0,77.2,l
192.7,69.4,s
176.3,81.7,l
173.7,79.3,l
180.5,97.0,xl
180.4,81.3,l
179.8,85.2,l
174.5,113.9,xl
169.4,74.7,l
182.4,97.2,xl
173.9,82.2,l
177.2,96.3,xl
186.4,77.9,xl
167.0,59.4,s
176.0,84.7,xl
165.5,69.1,l
169.6,74.1,xl
176.1,70.4,m
179.0,87.7,xl
177.7,96.4,xl
178.0,92.7,xl
177.4,94.6,xl
178.5,97.2,xl
178.3,73.0,m
169.8,83.3,xl
170.6,89.5,xl
183.1,105.2,xl
170.5,86.3,xl
180.7,92.6,xl
164.1,71.6,m
190.6,103.2,xl
174.0,87.0,xl
181.4,119.9,xl
188.5,93.0,xl
166.0,73.3,l
181.3,82.9,l
173.1,102.8,xl
179.0,86.9,xl
176.6,101.5,xl
174.2,82.7,xl
178.1,95.4,xl
177.8,94.0,xl
166.4,59.8,s
166.6,88.9,xl
175.9,73.4,l
158.6,79.9,xl
171.4,65.7,s
178.0,77.9,l
176.6,99.5,xl
162.8,66.4,l
167.8,91.0,xl
176.7,101.3,xl
172.3,80.4,l
177.6,81.5,xl
175.6,103.4,xl
168.5,58.7,s
173.3,80.9,xl
174.0,78.7,l
167.9,86.7,xl
166.7,67.4,m
168.0,63.1,m
175.8,91.0,xl
164.3,61.6,m
179.0,112.1,xl
179.8,102.0,xl
170.3,97.6,xl
171.5,83.8,xl
186.1,106.6,xl
180.4,102.9,xl
172.0,70.5,l
185.0,108.3,xl
165.1,57.5,s
183.5,80.8,m
178.4,91.6,xl
186.4,76.6,l
186.7,142.9,xl
174.5,94.3,xl
171.7,81.7,l
173.5,70.1,m
160.3,52.3,s
172.9,77.5,l
180.1,68.7,m
164.8,70.3,m
182.3,116.7,xl
159.8,62.0,l
177.4,99.0,xl
187.0,109.9,xl
182.5,101.2,xl
179.2,87.5,xl
170.2,77.8,l
177.3,89.4,xl
176.5,67.8,s
179.0,81.8,l
182.1,88.1,xl
179.2,104.7,xl
186.5,100.9,xl
176.7,95.6,xl
167.8,68.9,s
172.8,90.9,xl
174.4,115.9,xl
173.0,82.2,l
180.0,69.8,m
182.2,84.6,l
175.3,65.6,s
171.9,89.2,xl
169.6,65.9,s
166.0,66.2,m
181.9,85.8,xl
171.3,86.7,xl
171.8,83.4,xl
169.5,100.9,xl
167.1,79.6,xl
174.1,80.4,l
175.9,94.7,xl
177.0,82.6,l
181.3,99.5,xl
173.7,92.2,xl
154.2,63.9,m
179.7,72.0,m
168.5,77.1,l
170.0,80.0,xl
161.2,78.2,xl
175.8,73.4,m
166.6,110.3,xl
175.2,105.4,xl
174.9,85.1,xl
182.4,95.9,xl
176.7,79.8,l
180.2,84.3,l
181.7,91.4,xl
177.2,68.6,m
177.7,88.9,xl
171.5,75.8,l
179.2,77.7,l
184.9,98.6,xl
175.0,75.1,l
176.0,80.9,l
193.8,96.0,xl
184.9,97.0,xl
172.7,84.6,xl
180.9,81.9,xl
184.0,96.3,xl
178.5,92.0,xl
174.5,82.7,l
173.2,81.1,l
171.3,87.8,xl
164.4,57.9,s
178.6,96.7,xl
183.5,98.2,xl
176.3,100.1,xl
168.7,78.4,xl
185.5,85.8,l
172.0,93.3,xl
157.2,67.5,xl
171.5,66.8,m
165.8,80.2,l
172.0,80.4,xl
177.7,92.5,xl
163.8,77.8,l
190.2,105.7,xl
179.3,90.1,xl
179.9,77.2,m
182.6,90.4,xl
183.0,90.1,xl
175.5,96.1,xl
186.5,101.7,xl
180.6,89.7,xl
179.2,91.6,xl
177.7,74.4,l
185.4,82.8,l
181.9,80.6,l
181.0,84.1,m
168.2,79.4,xl
184.5,99.2,xl
185.2,106.3,xl
169.1,74.9,l
173.8,80.4,l
171.1,72.6,l
175.2,75.6,l
172.9,78.3,l
164.0,63.9,m
167.0,64.3,s
175.9,84.6,xl
182.8,92.0,xl
165.1,74.0,l
178.5,91.6,xl
187.1,105.1,xl
169.4,75.4,xl
178.5,95.6,xl
170.6,68.4,m
170.0,72.6,xl
159.7,72.1,l
182.7,96.2,xl
173.6,65.0,s
179.8,96.7,xl
170.7,97.5,xl
178.1,99.2,xl
170.0,79.8,xl
182.8,101.7,xl
171.4,108.2,xl
184.2,107.7,xl
190.9,129.2,xl
172.6,66.1,m
172.6,72.8,m
167.0,65.7,m
190.0,79.2,l
163.0,78.1,xl
177.9,114.5,xl
184.9,115.1,xl
179.6,91.6,xl
182.2,104.4,xl
163.5,66.4,m
171.0,88.4,xl
170.3,86.6,xl
174.9,91.2,xl
174.2,80.2,l
168.7,79.6,l
173.1,71.7,l
193.1,82.1,l
177.5,91.6,xl
183.0,80.9,l
174.0,99.7,xl
184.7,89.5,xl
164.7,91.9,xl
192.8,96.3,xl
178.2,82.0,m
178.1,71.9,s
176.1,82.8,l
172.8,68.3,m
170.5,82.8,xl
172.9,62.8,s
175.2,89.4,xl
177.6,92.8,xl
164.3,55.5,m
157.0,61.8,l
172.5,83.4,xl
181.0,80.6,l
181.4,95.5,xl
174.4,104.1,xl
177.6,101.2,xl
181.9,134.5,xl
171.5,93.7,xl
182.6,75.1,l
176.3,80.8,l
184.2,76.4,m
172.8,102.7,xl
182.7,87.9,l
168.0,87.4,xl
182.2,100.8,xl
161.4,71.4,l
175.7,70.2,l
174.3,92.7,xl
177.7,80.6,xl
177.5,94.4,xl
188.9,85.7,l
178.8,63.8,m
165.7,73.6,l
171.3,76.9,l
168.5,92.7,xl
177.4,93.7,xl
173.7,94.0,xl
179.0,106.0,xl
174.7,79.9,xl
187.7,95.4,xl
185.4,110.3,xl
185.4,97.4,xl
179.9,118.0,xl
164.2,76.0,l
178.4,99.7,xl
173.9,91.8,xl
173.0,87.0,xl
175.6,87.3,xl
175.7,71.7,l
176.8,99.2,xl
168.8,77.9,l
180.5,119.3,xl
172.5,80.3,xl
181.7,91.6,xl
187.9,90.8,xl
173.4,86.1,xl
178.8,101.1,xl
180.7,76.9,l
172.7,63.0,s
175.5,98.4,xl
187.2,83.5,l
171.7,65.1,m
181.0,111.5,xl
170.3,78.0,xl
179.0,89.1,xl
170.5,92.0,xl
183.3,74.1,l
182.9,116.1,xl
184.2,90.2,xl
162.0,71.0,l
172.1,70.4,m
172.8,65.3,m
176.7,64.6,s
169.7,82.3,xl
163.4,65.5,l
177.2,92.1,xl
187.7,74.1,l
178.2,73.7,l
180.0,103.5,xl
175.4,81.1,xl
191.0,125.3,xl
172.3,82.1,xl
165.1,69.5,l
188.6,117.6,xl
166.8,79.6,l
168.8,76.1,xl
179.5,70.1,l
174.4,82.4,xl
169.3,95.3,xl
167.8,61.0,m
174.0,97.2,xl
172.3,88.1,xl
173.4,74.9,l
186.8,99.8,xl
167.7,93.9,xl
167.8,103.0,xl
177.9,119.4,xl
175.3,88.6,xl
182.9,90.8,xl
190.0,104.0,xl
181.6,83.1,l
187.1,124.0,xl
170.2,69.7,xl
175.4,75.7,m
165.9,93.2,xl
172.5,73.5,l
171.7,111.6,xl
177.0,92.0,xl
185.0,70.0,m
177.9,90.6,xl
184.9,102.5,xl
180.9,109.9,xl
171.0,76.5,l
171.5,99.0,xl
162.9,78.0,l
167.4,82.5,xl
183.4,102.8,xl
181.3,95.8,xl
176.9,91.8,xl
185.3,112.7,xl
175.0,78.1,m
172.1,63.4,s
170.6,99.8,xl
167.3,64.7,m
171.5,69.0,m
177.0,83.5,xl
168.2,66.1,m
178.2,84.4,l
174.8,83.9,l
189.5,137.1,xl
178.2,88.8,xl
169.9,64.7,m
185.9,71.9,m
176.3,82.7,xl
179.0,90.3,xl
179.9,105.7,xl
181.9,116.2,xl
171.6,86.0,xl
173.2,96.3,xl
182.3,104.5,xl
164.1,88.2,xl
170.4,87.4,l
189.0,122.5,xl
165.3,72.3,l
180.3,77.3,m
168.3,78.6,xl
182.2,97.2,xl
181.2,105.2,xl
179.0,85.5,xl
179.7,98.2,xl
179.6,69.4,s
165.4,96.8,xl
171.4,82.1,xl
177.4,91.0,xl
174.4,94.0,xl
186.3,104.1,xl
177.2,99.6,xl
178.8,99.6,xl
170.9,70.5,l
169.2,67.0,m
180.9,107.3,xl
170.8,96.1,xl
171.0,59.9,s
174.6,85.9,xl
179.8,97.1,xl
176.5,90.6,xl
177.2,72.1,m
184.2,98.1,xl
179.2,88.6,xl
172.8,68.9,l
182.5,81.8,l
173.2,95.2,xl
187.0,88.2,xl
164.9,90.5,xl
170.1,94.1,xl
180.0,67.0,s
174.5,84.8,xl
165.4,83.3,l
184.7,86.1,l
173.5,83.2,xl
173.4,84.8,xl
194.2,97.2,xl
191.9,84.7,m
174.2,97.7,xl
176.6,119.5,xl
168.6,58.5,m
189.0,114.4,xl
175.1,97.5,xl
175.2,77.5,l
184.7,89.7,xl
177.4,93.8,xl
188.2,110.6,xl
179.4,89.4,xl
194.0,101.1,xl
191.1,118.0,xl
178.8,79.1,l
177.4,127.3,xl
166.0,85.4,xl
171.3,76.8,xl
176.7,83.7,xl
178.1,85.9,xl
177.3,94.0,xl
180.4,96.6,xl
170.2,65.3,m
180.9,77.3,l
179.7,123.5,xl
187.9,84.2,l
186.2,101.2,xl
176.7,77.5,l
177.1,94.0,xl
174.8,95.8,xl
170.3,76.0,xl
174.3,90.6,xl
179.8,97.3,xl
188.9,112.9,xl
179.2,89.5,xl
174.1,64.0,m
167.9,74.5,l
180.3,82.3,xl
170.2,88.2,xl
170.7,58.2,m
180.7,102.6,xl
177.4,82.5,l
177.4,72.2,l
179.5,89.6,xl
178.7,57.2,s
174.3,95.8,xl
183.5,80.8,l
183.8,82.4,l
174.5,76.1,m
179.8,88.7,l
172.0,68.2,m
168.7,102.5,xl
184.4,86.0,xl
169.3,64.5,m
167.4,74.3,m
178.6,82.5,l
174.0,68.8,m
182.7,88.9,xl
178.3,100.7,xl
186.8,84.6,xl
185.8,89.2,xl
169.6,77.3,l
183.6,100.5,xl
172.1,87.5,xl
176.7,65.0,s
176.9,61.1,s
163.8,72.1,l
157.2,59.2,m
187.8,118.6,xl
173.0,61.3,s
171.4,90.1,xl
172.2,83.2,xl
171.0,89.5,xl
183.8,67.0,s
183.0,101.6,xl
182.2,83.3,l
183.6,105.1,xl
172.0,70.4,m
176.5,83.6,xl
176.0,68.2,m
179.3,77.5,m
172.5,85.1,xl
178.3,81.7,l
183.2,92.2,xl
177.4,88.3,xl
173.5,76.1,xl
177.3,80.6,l
181.0,91.8,xl
164.1,88.8,xl
176.2,68.6,m
173.0,72.0,m
174.2,92.0,xl
175.6,69.8,m
171.3,82.8,xl
176.9,99.7,xl
185.0,88.0,l
180.2,85.6,xl
175.3,63.4,s
169.4,67.7,m
174.0,84.2,l
157.2,65.8,m
169.6,72.4,l
182.8,90.3,xl
175.4,86.3,xl
168.2,77.8,xl
178.9,80.1,xl
189.0,119.7,xl
182.8,89.7,xl
176.3,76.3,m
177.6,75.3,m
173.8,95.6,xl
165.7,58.3,m
175.8,91.9,xl
181.2,81.3,l
169.1,74.5,l
173.7,63.4,m
175.5,82.1,xl
166.2,56.5,xs
172.5,94.5,xl
181.7,87.3,xl
180.7,99.5,xl
183.0,92.6,xl
183.1,69.4,s
169.3,57.8,s
179.2,81.6,xl
182.8,87.5,l
174.7,95.2,xl
184.0,90.0,xl
182.8,91.0,xl
187.1,125.8,xl
175.0,103.1,xl
176.3,72.9,l
168.7,86.4,xl
180.5,97.6,xl
172.8,76.5,l
165.9,79.5,xl
169.0,73.7,m
176.9,72.2,l
183.5,84.1,l
177.7,113.0,xl
179.6,111.0,xl
182.4,108.3,xl
181.9,78.9,l
172.9,81.2,l
180.3,106.3,xl
173.5,69.5,l
179.4,90.2,xl
184.4,118.9,xl
189.0,125.1,xl
168.9,60.0,xs
193.7,133.7,xl
182.2,101.2,xl
174.2,92.0,xl
177.3,104.4,xl
168.3,88.4,xl
182.2,76.7,l
176.3,95.1,xl
170.8,77.1,m
163.9,81.9,xl
172.8,97.0,xl
171.4,73.4,l
185.3,107.4,xl
170.0,89.3,xl
174.9,80.1,xl
185.5,102.0,xl
174.8,95.1,xl
173.4,58.7,xs
176.7,88.8,xl
178.4,92.1,xl
175.4,76.1,xl
172.7,80.2,xl
170.6,87.6,xl
183.0,105.2,xl
173.3,84.4,xl
184.7,93.1,xl
167.6,85.7,xl
172.1,84.6,xl
169.4,74.9,l
176.3,75.6,m
177.9,91.6,xl
179.3,89.2,xl
194.8,112.7,xl
187.5,98.3,xl
169.4,68.2,xl
169.6,67.2,m
174.3,93.3,xl
183.5,74.4,m
166.8,88.9,xl
168.7,68.4,l
174.4,86.9,xl
171.2,107.6,xl
157.0,87.3,xl
168.6,83.0,l
190.0,107.2,xl
168.7,66.5,m
182.7,116.0,xl
165.2,97.4,xl
173.3,69.9,s
188.9,100.3,xl
172.2,76.8,xl
175.8,88.2,xl
171.7,98.0,xl
171.7,91.9,xl
176.3,89.6,xl
181.5,81.4,xl
173.5,90.2,xl
179.4,104.6,xl
156.8,63.9,m
171.1,63.3,m
174.3,108.2,xl
172.3,75.2,l
180.9,92.5,xl
183.0,83.0,l
176.0,82.2,xl
171.4,73.7,m
171.0,92.7,xl
173.1,89.0,xl
172.4,66.2,m
163.8,61.6,s
164.9,85.1,xl
176.8,102.8,xl
181.8,99.0,xl
184.0,107.4,xl
172.7,112.2,xl
174.2,80.5,l
170.0,69.1,m
172.2,84.2,xl
180.9,84.9,xl
169.5,66.4,l
164.9,58.5,s
171.9,80.9,xl
173.1,87.1,xl
177.3,118.9,xl
177.0,102.9,xl
177.3,102.6,xl
176.3,94.0,xl
181.4,94.4,xl
180.5,85.6,l
183.8,100.0,xl
188.4,88.3,xl
181.1,100.5,xl
166.9,93.8,xl
178.7,80.4,l
178.0,86.7,xl
173.2,106.3,xl
160.4,70.5,m
177.0,102.1,xl
173.2,70.7,m
168.8,85.9,xl
171.0,64.3,m
179.2,62.3,s
186.7,99.7,xl
182.5,85.1,xl
180.8,81.2,l
178.9,97.2,xl
175.4,73.7,m
174.2,81.6,l
171.5,71.4,m
158.5,62.7,m
189.7,84.7,l
177.2,60.9,xs
173.8,67.5,m
173.8,80.2,xl
170.5,102.0,xl
176.4,61.8,s
173.3,80.2,l
175.6,70.8,l
182.0,85.2,xl
160.8,81.3,xl
174.1,88.3,xl
190.2,126.8,xl
168.0,63.1,s
179.0,62.1,s
182.5,107.6,xl
180.1,116.2,xl
175.2,92.2,xl
168.9,74.3,xl
184.5,86.6,xl
163.8,72.8,xl
166.3,78.0,xl
180.7,83.6,xl
175.8,72.9,m
171.8,86.0,xl
174.6,100.6,xl
164.6,73.1,xl
175.7,94.7,xl
185.3,72.0,s
170.3,88.2,xl
185.0,83.0,l
168.4,106.5,xl
174.5,90.4,xl
181.4,72.4,m
164.2,65.9,m
187.5,99.6,xl
176.1,73.4,m
178.8,77.7,m
172.6,62.1,s
166.0,76.6,l
159.8,69.3,l
171.9,86.7,xl
169.2,90.6,xl
174.1,85.1,xl
176.0,78.1,xl
174.6,99.4,xl
173.9,93.2,xl
176.0,102.8,xl
175.0,82.2,xl
174.2,93.2,xl
180.3,126.0,xl
176.6,77.9,xl
183.0,90.1,xl
174.8,115.7,xl
176.2,92.5,xl
171.4,82.8,xl
171.6,79.8,xl
167.7,109.2,xl
171.4,100.1,xl
182.0,87.3,xl
175.3,89.4,xl
178.4,105.2,xl
175.8,84.7,l
165.9,74.4,xl
179.3,82.0,l
172.7,111.9,xl
177.7,128.7,xl
188.5,105.0,xl
171.6,69.4,m
163.4,66.2,m
176.3,130.7,xl
177.5,95.3,xl
182.3,78.1,s
181.6,86.8,xl
188.6,92.3,xl
170.0,85.0,xl
175.9,83.5,xl
172.0,64.6,s
171.6,85.8,xl
174.1,74.2,l
173.0,88.7,xl
177.3,105.7,xl
166.5,73.6,l
174.7,69.6,l
177.9,113.7,xl
162.9,58.4,s
165.6,72.0,l
174.9,100.9,xl
185.8,81.6,m
176.9,92.1,xl
183.7,90.7,xl
169.1,81.3,xl
177.5,91.4,xl
174.3,91.8,xl
172.1,95.7,xl
162.9,67.5,m
167.2,75.2,xl
165.9,81.4,xl
189.6,77.1,m
173.0,77.4,l
168.4,71.2,m
175.7,84.4,xl
174.7,94.6,xl
164.6,67.4,m
174.4,89.0,xl
179.8,90.2,xl
188.3,135.4,xl
183.7,102.0,xl
166.3,64.6,m
183.2,83.1,l
184.5,88.8,xl
175.4,85.0,xl
186.7,87.0,xl
181.9,103.0,xl
177.1,90.9,xl
181.4,69.1,l
179.0,77.8,l
182.3,77.8,l
180.7,86.6,xl
187.1,100.1,xl
164.5,62.0,m
176.2,69.2,m
173.5,66.0,m
179.7,112.9,xl
175.1,79.7,l
174.5,73.2,m
177.8,75.1,l
172.3,71.3,m
169.2,91.2,xl
174.9,93.2,xl
172.5,76.6,l
177.7,77.1,l
172.8,79.4,l
165.8,78.9,xl
165.6,76.1,l
169.8,75.3,l
176.5,98.1,xl
171.0,85.8,xl
176.6,86.6,xl
174.3,101.0,xl
174.4,124.0,xl
180.5,101.4,xl
178.3,113.8,xl
170.1,89.8,xl
195.5,117.8,xl
182.3,126.3,xl
181.6,105.4,xl
176.2,72.7,m
161.9,66.0,m
161.4,74.6,xl
165.4,71.3,l
179.1,83.8,xl
173.7,70.8,l
169.4,90.6,xl
177.4,75.4,m
179.8,93.0,xl
183.4,111.1,xl
186.0,89.5,l
166.4,69.4,l
180.3,93.5,xl
177.4,68.0,m
174.8,94.2,xl
185.9,89.6,xl
165.5,76.2,xl
163.4,79.9,xl
177.4,109.6,xl
176.2,97.6,xl
175.7,89.0,xl
178.5,76.2,m
174.6,75.6,m
162.2,71.7,l
171.2,82.2,xl
165.7,95.1,xl
178.4,86.7,l
175.0,76.1,l
176.0,77.2,l
179.0,94.1,xl
172.1,70.8,m
182.0,92.2,xl
180.9,109.6,xl
174.9,66.8,m
177.1,110.3,xl
170.7,89.7,xl
162.2,65.5,m
171.4,63.0,s
173.9,77.0,m
180.3,95.1,xl
180.1,69.6,m
182.7,94.1,xl
175.0,64.4,m
184.4,101.2,xl
184.6,76.5,m
185.4,90.1,l
160.4,68.5,l
168.7,60.7,s
165.9,70.2,l
173.6,59.5,s
171.3,70.5,m
168.2,70.4,m
172.9,89.4,xl
166.2,80.4,xl
176.6,92.4,xl
169.2,97.8,xl
179.0,86.7,xl
173.8,77.5,l
160.2,76.0,xl
183.9,84.4,xl
179.4,87.2,xl
170.4,90.7,xl
184.5,84.8,l
179.6,101.7,xl
164.0,82.9,xl
174.8,84.0,xl
179.9,95.7,xl
197.0,120.5,xl
171.7,78.1,xl
169.7,63.9,s
160.4,85.5,xl
185.6,130.1,xl
161.1,69.8,m
172.7,99.2,xl
172.8,113.0,xl
176.0,81.0,l
166.1,58.1,s
177.2,100.1,xl
170.7,72.9,m
169.0,77.9,l
172.7,79.1,xl
177.5,104.2,xl
168.1,86.2,xl
175.7,94.8,xl
174.9,85.9,xl
168.5,82.9,xl
172.4,87.0,xl
184.6,72.4,m
175.4,99.2,xl
176.3,76.9,m
178.3,120.0,xl
163.0,69.4,m
169.4,89.4,xl
175.0,90.3,xl
170.3,67.7,m
171.1,81.1,l
175.4,75.3,l
183.7,86.9,xl
182.8,97.5,xl
176.2,85.2,l
165.4,80.3,xl
176.1,74.9,m
172.0,81.0,xl
173.7,69.6,s
164.8,64.4,m
174.1,73.6,l
167.5,73.0,m
169.5,77.2,l
177.2,86.8,l
174.7,101.5,xl
169.0,80.2,xl
178.4,84.0,m
182.3,80.7,l
181.4,120.2,xl
192.3,96.2,xl
180.2,67.6,s
173.0,88.0,xl
171.2,78.4,xl
172.5,61.5,m
170.0,75.2,l
177.0,65.7,s
189.9,68.6,s
182.5,86.5,xl
177.9,74.6,m
176.0,77.5,l
180.6,72.0,m
173.4,64.1,m
181.3,84.2,l
182.3,73.3,m
176.8,95.5,xl
174.1,121.9,xl
180.4,84.7,l
183.1,89.6,xl
181.9,115.8,xl
173.9,85.7,xl
171.6,67.2,m
166.4,89.3,xl
167.4,97.7,xl
176.3,82.2,xl
176.1,83.0,l
175.1,86.9,xl
173.8,76.0,l
161.0,80.1,l
176.7,68.9,s
164.9,69.5,l
166.0,79.3,xl
186.3,99.4,xl
168.8,86.9,xl
186.1,80.6,l
172.5,98.6,xl
170.2,86.8,xl
172.1,76.1,l
185.3,71.9,m
165.2,72.7,m
182.7,126.5,xl
170.9,81.8,xl
172.7,87.5,xl
172.1,80.1,xl
183.3,112.3,xl
178.6,72.5,l
163.9,77.5,l
168.9,63.7,m
172.0,81.9,l
175.1,101.3,xl
163.3,93.2,xl
168.7,95.6,xl
181.6,107.8,xl
177.7,82.0,l
179.6,81.4,l
181.8,104.0,xl
176.7,90.8,xl
166.9,92.7,xl
168.9,77.5,xl
171.3,76.4,m
178.1,70.2,m
175.6,87.4,xl
167.4,72.7,l
164.4,71.3,l
183.8,71.4,l
173.3,75.0,l
168.1,81.2,xl
182.1,108.4,xl
171.3,93.7,xl
170.4,83.5,xl
178.5,119.7,xl
179.3,100.4,xl
180.3,99.8,xl
172.5,92.9,xl
166.6,91.2,xl
168.7,78.6,l
176.8,78.0,m
162.6,66.3,m
168.4,64.2,m
175.1,91.3,xl
185.2,85.8,l
162.4,64.7,m
172.3,77.7,l
177.5,114.6,xl
178.4,59.1,s
166.2,55.2,xs
171.9,85.8,xl
181.4,114.3,xl
187.7,107.8,xl
165.3,81.1,xl
175.7,83.7,xl
171.8,87.8,xl
184.2,73.2,m
186.3,73.2,m
196.6,87.3,l
178.6,123.1,xl
168.9,68.5,m
170.0,91.6,xl
173.0,78.6,l
178.1,78.3,l
164.7,69.0,m
169.8,63.3,m
167.1,80.0,l
181.2,74.9,m
171.5,72.1,l
180.7,84.5,l
174.8,75.9,l
179.5,76.5,l
168.8,117.8,xl
185.4,83.5,xl
181.6,64.4,s
176.0,79.1,xl
169.4,91.9,xl
175.7,74.4,l
179.9,81.9,xl
176.5,118.1,xl
167.4,69.7,l
181.9,107.1,xl
172.9,109.0,xl
176.1,92.5,xl
189.9,102.6,xl
186.4,119.6,xl
188.1,88.2,l
174.6,63.4,s
179.8,84.0,l
177.3,99.1,xl
178.4,67.7,s
174.0,104.7,xl
197.9,92.2,xl
174.4,82.2,l
179.4,89.9,xl
163.7,85.0,xl
173.7,60.1,s
166.6,120.6,xl
178.0,81.6,l
174.0,78.3,l
174.8,90.6,xl
166.7,81.7,xl
178.1,87.2,xl
175.6,84.8,xl
169.4,86.9,xl
179.0,110.8,xl
173.6,97.4,xl
183.6,103.9,xl
174.0,77.6,l
175.0,71.8,l
177.0,88.4,xl
180.7,59.6,xs
162.3,60.5,m
174.2,79.6,l
180.6,78.6,xl
178.7,102.1,xl
175.0,95.5,xl
165.2,62.9,m
184.0,76.0,m
178.2,68.7,s
177.9,92.2,xl
166.5,67.8,l
169.0,71.5,m
160.9,78.5,xl
188.8,73.2,m
169.7,73.9,l
181.8,72.3,m
178.0,85.7,xl
179.1,70.0,m
182.8,76.0,m
167.4,71.7,m
171.6,96.5,xl
177.8,88.0,xl
179.7,76.5,l
172.3,97.4,xl
178.4,84.6,xl
168.8,73.4,xl
174.5,80.4,l
170.8,70.8,m
177.9,88.0,xl
168.5,71.5,m
184.1,101.4,xl
164.0,77.5,xl
176.2,108.9,xl
180.4,96.5,xl
173.6,86.4,xl
180.4,73.8,m
172.0,74.1,l
177.9,93.4,xl
179.5,76.7,l
170.3,80.9,xl
169.9,79.7,l
180.9,104.6,xl
166.6,78.7,l
177.7,79.8,l
163.4,77.4,xl
182.2,76.6,l
172.2,80.8,xl
164.0,69.0,l
157.7,69.5,l
165.0,72.6,l
174.3,59.0,s
176.4,87.2,xl
194.5,101.7,xl
176.5,87.3,xl
172.5,77.1,xl
182.7,114.6,xl
175.9,88.0,xl
178.1,103.5,xl
167.3,98.8,xl
178.7,99.2,xl
179.8,88.4,xl
172.0,78.8,xl
179.0,75.0,m
167.8,75.3,xl
175.7,93.5,xl
174.0,82.6,xl
169.6,78.9,xl
179.1,87.4,xl
169.4,79.7,l
167.9,63.9,l
173.3,82.8,l
181.4,72.2,m
170.9,96.7,xl
174.6,97.0,xl
180.0,81.9,l
171.6,94.6,xl
173.5,77.5,l
169.2,68.6,m
169.7,79.9,xl
182.6,71.9,m
174.0,84.1,xl
175.2,64.3,m
182.8,94.8,xl
170.7,66.9,m
172.1,82.3,xl
185.2,76.8,m
165.1,81.5,xl
170.7,83.8,xl
179.5,76.8,m
170.7,69.5,m
167.9,69.2,m
173.5,95.9,xl
173.1,83.0,xl
170.9,93.7,xl
168.3,90.3,xl
180.2,64.0,m
172.3,78.7,l
172.1,111.2,xl
178.3,83.7,l
161.8,66.0,m
172.1,78.1,xl
182.9,82.1,l
165.3,92.2,xl
180.4,74.1,l
178.5,71.8,s
177.1,83.6,l
167.6,72.5,m
164.6,64.5,m
185.9,76.6,m
171.0,74.4,m
178.9,63.3,m
173.7,77.5,l
162.4,53.5,s
167.0,77.0,l
167.6,84.7,xl
169.2,96.3,xl
162.2,76.2,l
176.0,80.7,xl
168.7,104.9,xl
170.5,66.7,s
181.0,86.9,xl
183.1,100.7,xl
166.3,75.8,xl
180.9,88.9,l
179.1,90.2,l
167.8,73.5,l
183.2,93.0,xl
172.6,76.6,l
175.5,88.8,xl
181.3,78.8,l
183.5,96.8,xl
169.0,65.8,m
174.9,71.6,m
187.1,86.0,xl
187.5,85.2,l
173.0,81.1,xl
185.0,100.0,xl
166.3,78.4,l
185.4,75.8,l
168.8,56.9,s
179.9,108.1,xl
177.2,93.3,xl
182.6,101.0,xl
173.3,75.0,l
167.3,73.6,l
171.3,75.5,l
170.0,79.6,l
177.5,74.2,m
170.4,86.3,xl
183.8,79.5,m
175.2,75.3,m
179.0,90.0,xl
168.8,67.2,m
168.4,90.4,xl
175.9,114.4,xl
168.4,78.5,xl
175.5,75.4,m
171.8,95.2,xl
174.5,97.8,xl
195.3,106.9,xl
180.8,83.5,l
177.9,69.0,m
177.9,66.0,s
176.7,78.6,l
165.7,72.9,l
158.3,73.6,l
168.1,62.2,m
181.2,89.3,xl
183.8,93.6,xl
172.7,87.7,xl
167.3,78.5,xl
173.7,79.8,xl
181.1,65.4,m
183.5,90.5,xl
176.0,76.7,m
179.3,79.7,xl
182.4,77.9,l
171.6,69.5,m
174.5,76.5,m
176.5,76.3,l
176.1,79.7,xl
164.7,63.2,m
171.5,90.6,xl
175.6,72.6,m
163.7,64.5,m
170.4,74.3,l
182.2,112.2,xl
176.7,77.5,l
180.9,76.9,m
177.6,96.2,xl
179.8,91.6,xl
175.8,84.8,l
167.3,75.3,xl
181.7,80.2,l
174.5,92.9,xl
173.6,74.6,l
174.8,82.9,l
177.4,82.7,l
173.6,73.8,l
174.5,76.4,l
167.2,75.8,l
161.2,74.1,xl
172.7,79.5,xl
170.6,79.7,l
163.9,81.0,xl
171.1,86.5,xl
182.1,68.2,s
173.7,87.3,xl
183.0,86.9,l
163.9,70.5,l
185.4,87.3,xl
184.6,120.0,xl
172.5,76.2,xl
171.7,68.9,m
175.1,65.4,m
171.9,86.2,xl
171.7,62.0,s
171.8,65.1,s
171.6,83.3,xl
169.0,56.7,xs
176.9,84.2,xl
190.5,93.8,xl
171.6,76.4,l
180.0,82.5,xl
183.6,88.6,xl
180.4,94.6,xl
168.0,81.1,l
179.4,82.8,xl
180.1,89.0,xl
178.7,64.0,s
183.6,93.8,xl
174.3,114.9,xl
174.6,89.5,xl
178.5,74.2,m
172.6,99.8,xl
174.1,68.2,s
180.4,74.3,m
178.8,80.8,l
182.9,95.8,xl
183.6,112.4,xl
180.1,91.2,xl
181.8,111.6,xl
161.2,60.6,s
165.9,63.9,m
177.6,81.6,l
173.9,86.1,xl
183.6,120.1,xl
170.2,90.1,xl
167.0,81.4,xl
174.2,75.4,xl
180.0,86.8,xl
183.1,89.4,xl
177.0,69.2,m
169.7,86.5,xl
177.8,106.0,xl
170.7,89.8,xl
173.5,79.2,l
165.4,83.3,xl
179.4,81.0,xl
179.9,97.5,xl
187.2,73.4,m
158.9,58.4,s
175.5,70.1,m
179.5,71.9,m
172.2,76.4,m
186.4,70.2,s
166.0,71.3,m
180.2,84.3,l
183.1,79.1,m
169.6,69.1,s
177.2,74.3,m
169.3,61.1,m
171.3,63.0,s
165.2,67.3,m
171.5,76.4,l
171.3,81.1,l
171.0,77.5,l
175.1,86.7,l
166.8,56.7,xs
172.0,93.5,xl
166.5,64.8,s
167.0,77.4,xl
186.9,75.8,m
168.1,71.6,m
155.9,63.9,m
179.8,88.2,xl
168.2,69.4,m
168.1,72.8,xl
181.7,76.5,l
179.2,109.6,xl
180.6,71.0,s
176.6,90.2,xl
173.8,77.3,m
168.4,68.6,m
167.4,56.0,s
178.6,78.2,l
169.7,70.3,m
183.0,95.0,xl
169.7,61.4,s
181.6,75.6,m
166.0,73.5,m
168.1,78.1,l
186.6,91.8,xl
163.5,66.7,m
171.7,69.1,m
180.3,100.1,xl
162.3,70.6,m
174.5,77.7,l
180.0,81.9,m
167.3,88.8,xl
176.0,82.3,l
187.4,76.3,m
173.9,94.7,xl
175.3,79.7,l
183.9,91.8,xl
180.3,82.5,l
172.0,76.1,xl
178.8,82.1,l
177.1,70.3,m
169.1,60.8,s
172.3,69.7,m
184.0,77.9,m
179.3,88.8,xl
177.8,79.4,l
182.1,84.3,l
168.5,70.7,m
172.2,88.5,xl
178.6,109.3,xl
178.0,75.4,m
181.1,82.6,l
178.7,89.4,xl
174.8,77.2,l
183.0,71.6,m
165.6,68.1,m
181.6,88.8,l
174.1,73.5,m
174.5,79.1,l
179.5,81.3,l
174.8,81.5,xl
180.6,83.0,l
169.8,72.4,m
179.1,67.6,s
170.3,66.7,m
174.4,74.0,l
167.7,60.6,m
173.6,82.6,l
178.6,74.7,l
185.8,107.1,xl
183.3,86.2,l
190.0,93.2,l
174.3,72.6,m
173.3,67.7,m
174.5,86.6,l
180.3,72.5,m
171.3,77.5,xl
149.1,47.8,xs
176.5,76.6,l
176.7,89.7,xl
177.3,70.3,l
176.0,75.0,m
174.5,84.6,xl
176.9,62.9,m
165.3,63.8,m
185.1,89.2,xl
176.8,67.4,s
179.8,72.1,m
165.6,68.9,m
176.3,73.7,m
178.1,76.5,l
176.4,81.7,l
170.4,82.8,xl
171.5,68.1,m
177.4,88.8,xl
168.1,79.3,xl
178.6,85.8,xl
168.1,66.9,m
180.8,72.2,s
165.0,69.9,m
167.4,88.9,l
160.4,70.5,l
167.2,66.5,m
176.6,78.3,m
186.5,97.2,xl
180.6,83.5,xl
174.0,81.6,xl
171.3,81.6,xl
174.0,68.5,m
174.0,85.0,l
177.6,72.3,m
185.2,93.5,xl
185.3,72.2,m
191.6,111.3,xl
184.2,113.5,xl
175.3,78.7,l
176.4,67.1,m
180.7,94.9,xl
181.0,90.9,xl
164.3,60.4,m
176.4,82.4,l
177.3,88.5,xl
177.7,78.0,l
171.4,71.7,m
179.0,77.3,l
186.7,80.7,l
169.7,77.6,xl
179.6,93.9,xl
183.4,96.5,xl
172.7,81.4,l
181.9,94.3,xl
178.8,83.1,l
174.7,82.1,l
174.2,92.2,xl
179.7,103.9,xl
178.3,76.4,m
172.4,66.1,s
186.7,97.2,xl
168.0,61.5,m
175.4,72.7,m
162.4,65.7,m
162.9,68.6,m
179.4,69.1,m
158.8,73.0,l
173.8,73.8,m
180.6,86.4,l
179.8,78.1,m
162.5,78.7,xl
170.8,105.8,xl
167.9,86.1,xl
175.0,83.9,l
179.6,95.4,xl
184.3,75.2,m
174.2,84.5,xl
166.7,77.1,xl
168.9,72.3,l
184.3,80.7,l
189.1,97.7,xl
192.5,100.8,xl
171.7,105.9,xl
179.9,95.4,xl
169.5,95.6,xl
177.3,120.5,xl
180.6,87.6,xl
172.5,94.1,xl
167.6,83.8,xl
171.6,86.0,xl
181.9,100.2,xl
173.9,79.8,xl
177.8,81.3,xl
191.9,131.2,xl
172.8,93.7,xl
166.9,76.3,l
169.7,62.6,m
177.3,88.7,xl
176.4,71.0,l
171.6,88.7,xl
180.2,81.7,l
170.7,78.2,xl
180.6,84.1,xl
171.2,54.9,xs
187.0,109.2,xl
177.2,66.3,s
180.5,107.2,xl
182.0,114.7,xl
157.9,54.6,s
167.8,85.9,xl
185.8,97.6,xl
177.3,87.0,xl
182.1,69.7,s
184.6,94.2,xl
173.7,62.0,s
173.7,94.0,xl
169.3,73.5,l
178.2,80.9,xl
175.9,104.5,xl
173.2,106.9,xl
170.7,82.6,xl
175.1,71.3,m
176.3,90.7,xl
180.4,87.6,xl
174.2,112.8,xl
182.3,106.3,xl
180.7,67.3,m
177.5,89.3,xl
179.7,78.4,l
173.1,71.7,l
174.4,77.6,m
167.3,74.9,l
164.8,69.4,m
186.8,80.1,m
177.3,77.8,l
192.3,92.4,xl
177.9,88.5,xl
181.1,75.7,m
171.5,93.8,xl
174.7,92.4,xl
174.4,88.8,xl
178.3,66.1,m
176.4,91.0,xl
170.1,80.9,xl
172.4,62.1,m
176.5,79.6,l
163.0,63.6,s
171.3,60.8,s
183.8,121.0,xl
170.4,85.5,xl
177.2,74.4,l
184.6,111.4,xl
180.5,91.3,xl
180.5,107.4,xl
168.0,71.3,l
183.9,90.2,l
172.3,82.9,xl
180.0,86.9,xl
186.1,86.6,l
172.4,77.2,xl
181.2,80.1,l
166.4,72.5,l
170.6,66.7,m
168.7,68.0,m
185.8,107.9,xl
162.9,74.5,xl
185.6,79.2,m
175.7,105.2,xl
175.0,66.3,s
173.5,90.5,xl
173.9,58.7,s
163.4,68.7,l
177.2,109.0,xl
160.0,57.6,s
165.7,92.2,xl
189.8,81.5,l
183.0,91.2,l
171.2,85.0,xl
169.3,92.0,xl
191.0,144.2,xl
181.7,73.9,l
179.0,106.2,xl
178.9,104.9,xl
172.8,66.0,m
168.4,62.2,m
186.1,102.2,xl
176.3,69.7,s
195.2,93.9,l
175.0,79.3,m
176.3,89.9,xl
185.4,72.7,m
166.9,69.0,m
185.8,114.0,xl
178.6,99.5,xl
171.2,88.7,xl
175.2,89.4,xl
165.3,84.2,xl
168.7,80.4,l
168.9,76.0,xl
167.4,91.3,xl
181.9,67.3,m
178.8,85.7,l
167.9,68.8,m
176.3,88.5,xl
173.3,70.8,m
170.3,74.3,l
181.4,98.5,xl
182.5,90.2,xl
181.5,85.2,m
177.8,85.1,l
174.4,68.5,m
178.1,106.5,xl
171.6,104.4,xl
176.6,96.8,xl
173.6,90.2,xl
181.0,93.8,xl
183.9,92.8,xl
166.8,87.3,xl
178.4,76.9,l
175.7,89.2,xl
177.7,96.3,xl
174.9,94.7,xl
184.2,66.5,m
178.2,75.4,m
173.4,93.5,xl
189.7,95.0,xl
165.0,82.2,xl
176.0,105.2,xl
183.7,74.7,l
171.8,84.5,l
165.4,84.3,xl
183.4,92.5,xl
181.0,92.6,xl
172.2,75.0,l
164.6,73.3,l
172.8,81.5,xl
176.1,87.5,xl
178.0,77.0,xl
171.9,86.9,xl
183.0,85.0,m
175.1,96.2,xl
175.8,81.1,l
168.1,85.7,xl
180.5,87.9,xl
176.6,88.2,xl
174.0,71.2,m
176.8,83.2,l
170.3,74.2,l
184.5,83.3,l
185.3,115.1,xl
175.6,79.2,xl
185.8,86.2,l
176.3,75.3,l
175.8,82.3,xl
176.8,83.7,l
180.1,93.2,xl
176.1,87.9,xl
175.6,81.9,xl
183.0,106.1,xl
172.6,73.3,l
171.8,81.8,xl
171.7,90.7,xl
181.1,87.5,xl
178.0,90.2,xl
166.4,66.3,l
175.1,74.0,m
197.2,109.3,xl
169.9,66.1,m
181.9,99.3,xl
166.5,76.6,xl
156.7,61.9,m
168.6,79.2,xl
177.1,98.4,xl
180.0,77.4,l
178.3,87.9,xl
175.6,92.8,xl
172.2,80.3,l
176.1,88.4,xl
185.0,83.6,l
181.6,81.0,l
177.2,93.6,xl
173.5,61.9,s
170.5,77.2,l
180.3,90.8,xl
175.0,66.1,m
177.7,109.0,xl
175.9,95.7,xl
178.7,87.7,xl
176.6,99.1,xl
176.2,60.3,s
168.8,79.1,l
185.0,79.1,l
176.4,77.1,m
179.8,92.7,xl
167.8,80.1,xl
173.8,96.9,xl
173.9,77.5,xl
157.7,56.4,xs
170.7,72.8,l
186.3,103.3,xl
182.0,71.0,m
181.6,94.8,xl
185.6,102.0,xl
180.6,93.5,l
193.4,100.7,xl
177.4,68.8,m
180.0,94.1,xl
167.3,69.0,m
194.4,112.6,xl
184.1,93.5,xl
176.1,93.2,xl
187.2,97.9,xl
172.6,91.7,xl
176.4,85.0,xl
167.0,54.2,s
176.5,94.8,xl
172.0,85.8,xl
171.8,91.3,xl
178.4,83.4,xl
165.1,89.1,xl
180.8,98.8,xl
174.0,80.1,l
171.0,94.0,xl
180.4,100.2,xl
171.9,89.8,xl
179.4,64.5,s
173.6,62.3,s
161.6,76.9,l
174.4,62.7,s
181.6,85.5,xl
174.9,85.5,xl
174.9,88.1,xl
166.8,76.5,xl
157.5,62.8,l
170.8,75.6,l
164.5,81.3,l
182.5,95.6,xl
180.0,76.5,l
181.0,82.3,l
171.8,82.5,l
180.8,110.0,xl
181.4,77.3,l
164.9,80.7,xl
185.7,109.9,xl
176.5,105.9,xl
174.8,104.4,xl
173.0,84.6,xl
187.0,122.3,xl
187.0,100.0,xl
178.0,83.5,l
176.1,69.0,m
179.3,100.2,xl
178.1,94.1,xl
170.5,83.4,xl
176.1,114.5,xl
183.6,83.3,xl
163.9,94.5,xl
180.9,86.8,xl
173.8,93.8,xl
175.1,96.6,xl
174.1,100.8,xl
170.7,92.1,xl
173.6,102.3,xl
164.9,94.9,xl
176.7,95.0,xl
183.1,113.5,xl
162.1,73.5,xl
174.7,74.8,l
172.8,76.5,l
180.1,84.2,l
181.4,88.6,xl
187.0,72.6,m
186.1,82.9,xl
180.6,82.8,l
179.4,91.7,xl
180.5,106.4,xl
184.3,80.4,l
199.3,94.7,l
184.7,95.1,xl
169.4,71.4,l
167.3,57.8,s
187.4,80.3,l
173.6,77.5,xl
178.9,93.8,xl
167.2,96.2,xl
172.1,82.2,xl
186.4,88.0,xl
184.0,95.5,xl
177.4,59.6,xs
166.4,79.4,xl
178.1,68.2,s
177.8,86.3,l
176.0,80.1,l
173.0,72.3,m
189.0,102.3,xl
192.6,101.0,l
179.5,83.0,xl
173.0,78.4,l
178.5,106.9,xl
180.5,80.9,l
163.8,79.4,xl
178.9,60.6,s
168.5,65.4,m
169.3,74.8,l
170.0,68.2,m
173.8,83.3,l
186.2,102.5,xl
169.6,82.8,xl
179.8,89.1,xl
176.8,94.9,xl
162.9,70.2,l
186.6,122.3,xl
189.4,95.4,xl
164.8,72.7,l
178.8,100.8,xl
180.8,88.0,xl
184.7,110.3,xl
167.6,70.0,m
177.4,86.1,xl
166.0,78.6,xl
176.0,79.2,l
175.7,78.5,l
169.8,53.3,xs
176.1,67.7,s
167.8,84.3,xl
179.6,90.8,xl
164.1,75.7,xl
185.7,62.9,m
170.8,55.1,xs
181.6,96.2,xl
168.0,75.1,xl
175.8,93.9,xl
189.8,105.5,xl
173.3,63.3,s
168.0,70.4,l
190.6,123.9,xl
183.4,71.4,m
166.7,85.9,xl
182.6,93.2,xl
180.3,80.2,xl
174.0,84.5,xl
177.7,68.7,m
167.8,82.3,xl
172.6,92.4,xl
168.9,80.4,xl
185.2,81.6,l
186.4,87.1,xl
179.0,79.7,l
184.5,99.1,xl
181.7,82.9,l
195.1,110.5,xl
175.1,103.8,xl
171.7,78.1,xl
171.1,71.8,xl
167.8,87.9,xl
173.8,79.9,xl
178.3,80.9,xl
169.5,89.0,xl
172.6,72.1,l
165.1,91.0,xl
169.0,78.9,l
179.0,87.9,xl
174.4,89.3,xl
176.5,88.9,xl
184.9,100.7,xl
179.0,107.4,xl
167.2,77.5,xl
174.0,77.9,xl
175.1,67.0,m
167.0,51.6,xs
176.8,88.7,xl
166.4,64.4,l
185.5,94.9,xl
167.5,71.0,l
169.3,74.8,l
180.7,80.8,l
179.0,74.1,m
171.1,61.1,s
167.8,65.8,m
174.1,82.4,xl
176.6,75.3,l
180.4,85.6,xl
177.3,93.9,xl
164.3,76.2,l
171.8,72.5,m
168.0,70.0,m
172.6,78.6,l
167.1,99.4,xl
183.1,93.9,xl
173.0,65.2,m
180.9,84.9,xl
172.6,80.9,xl
169.0,95.5,xl
180.8,83.8,l
182.8,91.4,xl
176.5,108.4,xl
181.8,92.1,xl
178.7,104.3,xl
180.5,62.9,l
172.7,80.0,l
174.8,86.9,xl
187.3,94.8,xl
169.5,67.2,m
176.1,74.1,l
179.7,101.2,xl
173.0,85.6,l
169.0,78.8,xl
178.3,100.2,xl
182.9,68.9,m
182.2,87.7,xl
174.4,85.7,xl
180.3,90.0,xl
176.5,95.8,xl
168.8,75.3,xl
166.2,81.8,l
166.3,59.7,s
166.3,73.0,l
172.1,80.6,l
177.0,76.0,l
172.5,66.8,m
178.8,96.5,xl
189.3,79.4,m
179.4,70.5,m
176.3,107.6,xl
183.1,95.7,xl
164.0,95.8,xl
168.7,98.3,xl
182.7,67.5,m
179.8,79.8,l
170.8,91.2,xl
175.3,87.6,xl
179.3,78.3,l
185.8,84.9,l
167.7,60.3,xs
174.4,88.7,xl
180.5,94.7,xl
162.3,70.8,xl
175.4,86.0,l
174.3,74.3,l
171.8,94.6,xl
169.7,88.9,xl
188.1,95.6,xl
175.5,60.2,s
173.8,115.3,xl
178.6,94.7,xl
171.4,72.0,m
170.3,75.2,m
165.0,66.9,m
183.9,106.2,xl
165.2,108.8,xl
172.6,71.0,m
173.8,99.7,xl
174.0,91.6,xl
164.7,94.7,xl
170.2,76.1,xl
163.7,95.0,xl
165.7,77.3,l
177.5,84.6,l
177.7,91.7,xl
177.4,100.8,xl
170.6,82.1,xl
178.8,74.7,xl
188.6,110.7,xl
168.3,77.4,l
190.0,127.1,xl
178.6,84.2,xl
171.2,79.2,xl
176.0,84.8,xl
171.1,83.2,xl
172.0,88.0,xl
179.8,88.7,xl
173.0,106.7,xl
174.0,90.8,xl
175.5,69.9,m
183.7,100.9,xl
172.6,81.3,xl
179.0,96.7,xl
173.1,72.4,m
166.3,65.6,m
181.8,105.4,xl
177.7,95.8,xl
178.6,113.5,xl
179.9,88.6,xl
185.5,83.4,xl
172.6,83.4,l
170.8,86.2,l
174.8,73.8,m
175.7,76.0,l
180.0,77.8,xl
174.9,93.1,xl
170.6,69.5,m
198.0,101.7,xl
174.7,81.5,xl
181.6,100.6,xl
171.9,60.6,s
179.0,77.8,l
168.8,65.0,m
176.2,112.6,xl
169.4,90.7,xl
176.4,81.5,l
172.7,67.3,m
184.0,72.7,m
173.5,82.9,xl
175.8,93.6,xl
180.2,93.2,xl
180.2,87.9,xl
180.0,95.1,xl
176.9,75.6,l
189.7,78.0,m
169.0,92.6,xl
178.6,130.2,xl
190.7,82.1,xl
177.9,109.8,xl
186.1,95.6,xl
168.5,63.3,m
179.7,97.1,xl
168.7,76.0,m
180.5,92.6,xl
175.5,108.4,xl
170.2,56.2,s
174.6,87.4,xl
167.0,63.3,m
162.4,82.6,xl
175.1,103.3,xl
177.0,77.2,l
172.2,88.0,xl
168.1,105.0,xl
177.9,98.2,xl
193.0,68.9,s
179.6,85.3,xl
165.8,98.4,xl
158.2,68.1,l
180.7,112.9,xl
192.9,93.9,l
174.3,99.4,xl
171.4,105.4,xl
169.7,66.4,m
172.7,75.3,xl
170.9,109.5,xl
175.1,67.9,s
171.9,75.7,m
181.7,99.6,xl
192.7,98.1,l
185.1,111.6,xl
180.8,72.9,m
166.3,98.3,xl
183.4,86.5,xl
181.5,123.9,xl
170.0,63.1,s
180.8,96.5,xl
172.2,77.8,l
167.9,68.2,m
177.5,87.6,l
182.6,102.8,xl
176.7,93.5,xl
168.5,78.4,l
173.5,91.4,xl
166.8,87.5,xl
167.8,63.7,m
180.8,93.9,xl
184.6,72.9,l
177.1,84.1,l
177.4,87.7,xl
174.8,96.5,xl
178.9,99.1,xl
182.5,100.1,xl
169.8,87.2,xl
185.0,113.1,xl
176.6,74.4,m
163.8,64.7,s
181.8,101.9,xl
166.4,68.1,l
190.2,89.2,xl
172.2,82.4,l
183.3,79.3,l
184.7,116.6,xl
169.0,94.8,xl
193.4,113.2,xl
180.7,109.3,xl
165.1,68.8,l
176.8,105.2,xl
181.2,76.8,l
174.3,92.7,xl
171.5,82.0,xl
168.1,87.7,xl
184.7,82.5,xl
168.4,76.2,m
186.5,89.4,xl
173.2,79.1,xl
165.5,67.7,l
175.9,85.0,xl
176.4,75.0,l
174.0,78.0,l
176.6,75.2,m
165.6,70.6,l
168.1,59.6,s
165.8,86.1,xl
158.8,55.2,s
175.4,72.3,m
178.8,90.7,xl
180.6,69.0,m
169.7,95.9,xl
177.0,69.0,m
179.6,84.0,xl
181.5,79.2,l
175.6,70.6,m
170.1,79.1,l
175.1,88.7,xl
180.1,87.1,l
173.7,87.4,l
178.5,81.2,l
177.1,87.5,xl
177.1,77.2,m
158.0,65.4,m
168.5,87.2,xl
167.5,70.0,l
167.5,78.5,xl
169.0,87.0,xl
159.3,70.0,l
173.7,82.4,xl
169.3,81.3,xl
170.6,87.3,xl
188.8,78.7,m
170.6,74.8,l
184.1,79.3,m
190.6,94.2,xl
186.6,86.7,l
178.8,88.9,xl
188.7,97.0,xl
168.7,93.8,xl
172.4,104.6,xl
171.0,76.8,m
176.3,110.4,xl
172.2,99.1,xl
172.2,83.7,xl
165.9,68.7,l
174.1,88.5,xl
171.0,86.9,xl
177.4,103.4,xl
173.0,79.2,l
179.8,65.1,m
173.8,83.1,xl
178.1,99.9,xl
162.3,96.8,xl
172.5,84.7,l
175.6,73.7,l
180.0,84.9,xl
177.8,98.5,xl
167.4,77.4,l
177.4,85.5,l
170.5,111.1,xl
174.9,82.9,xl
182.1,96.6,xl
169.1,66.5,l
168.6,86.8,xl
182.3,93.4,xl
177.1,112.3,xl
175.0,95.4,xl
168.7,77.6,l
164.2,72.7,l
173.4,91.5,xl
175.7,107.6,xl
178.4,102.7,xl
168.5,79.8,xl
174.2,83.9,xl
178.8,88.8,xl
169.4,89.1,xl
187.3,99.8,xl
184.3,116.1,xl
163.5,76.7,xl
183.3,117.9,xl
191.9,108.6,xl
177.9,132.9,xl
182.5,95.2,xl
173.4,87.8,xl
166.3,82.2,xl
171.8,87.0,xl
181.4,95.4,xl
176.0,83.5,xl
163.1,67.2,m
174.0,93.8,xl
174.9,91.3,xl
175.7,94.7,xl
187.0,96.4,xl
175.4,72.0,m
170.0,66.6,m
168.3,70.0,l
171.7,76.7,xl
182.0,78.5,m
170.5,120.9,xl
184.4,110.0,xl
172.7,78.1,xl
169.7,76.1,l
169.5,72.3,m
178.1,82.0,m
178.4,79.8,xl
171.9,77.9,l
175.7,79.8,l
174.4,68.0,m
178.7,109.6,xl
173.3,85.8,xl
169.8,82.9,xl
187.4,116.2,xl
177.4,77.4,l
182.3,98.9,xl
175.3,84.4,xl
179.3,85.1,xl
167.9,73.1,l
168.2,77.6,xl
176.1,75.4,l
171.7,96.3,xl
175.5,86.3,xl
168.1,92.8,xl
180.0,83.6,xl
186.2,136.9,xl
170.6,86.1,xl
178.8,78.6,l
171.2,105.5,xl
166.3,69.3,m
167.5,68.3,m
170.7,58.7,s
163.5,71.2,l
169.4,74.6,l
174.0,99.5,xl
168.0,84.7,xl
188.5,128.5,xl
169.8,83.0,xl
184.8,88.1,l
169.7,89.7,xl
181.4,86.2,xl
181.9,97.9,xl
172.8,86.8,l
172.3,69.3,m
180.8,88.8,xl
178.6,75.8,l
169.6,70.3,m
174.7,74.3,l
177.5,92.6,l
180.2,90.3,xl
189.1,90.8,xl
166.5,56.3,s
180.0,133.6,xl
179.3,87.9,l
170.1,83.9,xl
180.8,76.9,m
176.5,80.7,l
187.4,112.1,xl
168.6,67.6,m
167.6,100.4,xl
168.9,78.1,xl
171.1,70.9,m
188.7,79.0,m
172.5,68.8,m
176.2,74.8,m
168.9,74.6,l
173.5,94.5,xl
170.8,79.7,xl
178.0,87.7,xl
178.3,79.9,xl
177.8,90.0,xl
181.4,94.3,xl
167.5,93.3,xl
173.3,87.8,xl
160.5,57.2,m
173.8,107.9,xl
171.1,79.1,xl
166.5,78.0,xl
181.2,91.2,xl
182.3,116.6,xl
180.1,110.7,xl
175.0,96.3,xl
168.6,95.2,xl
180.2,105.5,xl
182.0,98.2,xl
175.7,96.5,xl
178.0,95.9,xl
178.0,76.7,l
168.2,84.5,xl
171.1,95.7,xl
167.9,80.9,xl
167.4,84.0,xl
175.5,84.3,xl
170.6,84.2,xl
185.0,87.0,xl
167.6,64.9,m
190.8,94.4,xl
182.5,92.6,xl
179.9,97.3,xl
181.0,81.0,xl
179.2,80.2,xl
172.2,66.7,s
171.3,84.0,xl
177.5,92.3,xl
186.1,88.7,xl
166.0,79.0,xl
175.4,110.2,xl
176.2,82.9,xl
172.4,88.3,xl
162.7,82.6,xl
173.1,107.4,xl
186.2,75.0,l
183.4,100.4,xl
188.1,126.4,xl
177.0,95.7,xl
167.5,89.4,xl
172.1,84.9,xl
167.3,93.0,xl
190.9,119.3,xl
175.0,104.2,xl
178.0,90.7,xl
184.0,68.2,s
187.3,90.2,xl
178.0,118.9,xl
176.8,92.2,xl
182.1,101.0,xl
169.8,79.6,xl
169.0,104.9,xl
177.3,99.4,xl
174.4,85.9,xl
173.3,72.9,m
181.3,69.6,m
183.4,103.8,xl
186.4,94.4,xl
188.5,137.5,xl
180.7,85.3,xl
180.0,84.3,xl
172.5,66.0,s
174.8,93.7,xl
176.3,94.1,xl
172.8,77.0,xl
170.8,93.7,xl
165.7,67.3,m
174.0,83.0,xl
168.6,78.3,xl
162.1,90.0,xl
162.3,67.3,m
162.9,79.0,l
170.7,101.5,xl
171.7,57.4,s
176.7,76.5,l
184.7,91.9,xl
179.0,79.7,l
169.7,73.1,m
175.8,106.5,xl
164.3,67.5,xl
175.3,77.8,xl
175.9,73.9,m
174.8,77.9,l
183.4,120.7,xl
171.2,71.9,m
178.7,87.1,xl
164.5,103.4,xl
175.5,81.2,l
176.5,80.7,l
171.7,66.4,s
174.9,100.2,xl
175.8,78.9,l
160.4,83.6,xl
174.6,75.5,m
170.9,88.5,xl
165.6,83.5,xl
168.4,101.3,xl
178.1,71.3,s
175.0,77.6,l
173.7,90.2,xl
189.1,79.4,m
178.8,84.2,xl
171.8,93.2,xl
164.0,66.7,l
183.6,104.3,xl
160.4,73.6,l
170.7,80.9,xl
168.1,83.0,xl
184.0,80.2,l
171.1,60.6,s
180.7,80.1,l
173.9,66.8,m
170.3,81.1,xl
177.0,59.1,s
174.7,92.4,xl
184.8,93.8,xl
178.8,73.5,m
181.4,88.5,xl
175.4,85.5,l
168.4,83.9,xl
176.4,67.8,m
172.9,81.1,xl
174.6,93.0,xl
168.8,84.6,xl
172.9,72.9,m
183.5,58.8,s
173.9,94.1,xl
178.2,100.3,xl
174.5,81.7,xl
174.9,80.4,xl
172.0,73.0,l
173.5,80.4,xl
175.0,84.9,l
177.2,102.5,xl
183.2,86.4,l
185.0,109.4,xl
166.4,88.2,xl
167.5,93.6,xl
180.7,92.0,xl
176.5,86.2,xl
179.2,86.1,l
179.5,97.7,xl
175.3,70.7,m
181.6,96.9,xl
160.0,71.8,l
165.5,69.9,m
160.8,71.1,m
175.3,93.9,xl
170.4,85.9,xl
188.7,89.2,xl
178.4,74.4,m
177.8,63.2,m
187.7,91.3,xl
173.4,71.6,m
180.8,89.9,l
181.5,85.9,l
179.3,82.6,l
175.8,91.1,xl
177.2,96.7,xl
169.4,78.9,xl
166.1,73.3,m
173.0,90.1,xl
165.3,69.3,m
175.3,81.7,xl
174.0,84.6,xl
171.1,75.2,m
175.8,94.4,xl
176.1,69.3,m
172.5,87.2,xl
170.2,74.9,l
177.5,89.9,xl
167.0,86.2,xl
176.8,82.5,l
168.7,80.3,xl
170.0,74.0,l
174.9,96.6,xl
171.0,87.9,xl
192.4,75.7,m
172.9,88.2,xl
171.3,73.3,l
173.7,73.0,l
174.1,114.2,xl
163.5,78.0,xl
174.4,101.9,xl
174.5,109.5,xl
174.4,68.7,m
173.3,99.7,xl
178.6,102.1,xl
179.7,95.0,xl
182.4,83.8,xl
164.8,97.0,xl
162.7,69.7,m
179.3,101.2,xl
170.3,62.5,s
181.0,105.1,xl
186.8,89.8,l
169.8,91.4,xl
172.0,80.5,xl
175.2,77.0,l
168.2,98.0,xl
185.3,102.0,xl
177.7,78.3,l
172.8,80.1,xl
172.6,91.2,xl
165.1,78.7,xl
167.4,60.7,m
175.3,79.8,l
172.1,101.1,xl
178.3,89.0,xl
173.2,69.0,m
178.7,68.4,m
176.6,108.5,xl
172.3,65.5,m
175.7,79.7,l
170.0,84.5,xl
175.0,57.8,xs
163.7,96.2,xl
177.3,92.1,xl
170.2,109.3,xl
179.8,89.0,xl
179.6,87.3,xl
171.7,76.8,l
171.8,81.9,l
183.9,82.1,l
161.9,69.1,l
179.0,91.3,xl
189.3,88.2,xl
180.7,86.1,l
174.6,108.3,xl
176.0,71.8,l
182.3,106.9,xl
167.3,88.3,xl
172.4,86.2,xl
175.7,104.7,xl
164.9,68.2,l
171.8,87.7,xl
178.9,77.6,l
166.9,75.3,l
173.2,92.4,xl
184.6,76.7,l
173.7,83.9,l
170.6,86.8,xl
186.5,110.8,xl
185.8,76.2,m
180.0,96.8,xl
164.0,71.1,m
176.1,101.0,xl
180.9,101.2,xl
167.5,87.0,xl
177.7,97.9,xl
181.8,103.8,xl
177.0,89.1,xl
166.8,74.6,l
174.0,84.0,xl
179.0,75.0,m
170.8,110.6,xl
168.4,72.7,l
182.8,88.2,l
168.2,66.3,l
180.5,85.2,xl
166.6,73.4,m
172.7,68.7,m
182.8,92.5,xl
168.3,76.2,l
170.9,80.4,xl
169.6,92.1,xl
179.0,91.4,l
179.5,79.6,l
173.6,74.6,m
177.8,72.6,m
177.1,68.7,s
184.5,89.2,l
173.8,69.0,m
171.0,68.2,m
164.5,75.7,xl
170.0,82.7,l
168.7,80.1,l
181.0,93.0,xl
172.2,76.0,l
178.8,95.0,xl
178.4,69.1,m
178.0,81.1,l
177.7,84.7,xl
174.6,73.0,m
177.5,79.1,l
177.4,96.3,xl
173.5,104.9,xl
174.8,87.0,xl
170.4,70.5,m
172.8,97.8,xl
176.7,103.9,xl
171.9,96.9,xl
187.8,78.3,m
170.3,83.6,xl
172.6,69.4,m
170.3,95.8,xl
170.1,94.5,xl
178.8,80.7,xl
179.7,91.2,xl
177.2,85.0,xl
165.7,74.4,l
178.6,98.0,xl
174.3,92.6,xl
175.1,84.3,xl
169.8,78.2,l
172.2,96.9,xl
166.3,86.9,xl
181.3,95.6,xl
178.4,87.6,xl
185.4,89.2,xl
165.3,60.9,m
170.0,79.6,xl
196.0,98.1,xl
173.4,74.2,l
173.7,95.5,xl
183.8,95.2,xl
169.9,84.8,xl
180.5,87.1,xl
183.0,104.1,xl
176.4,66.2,s
172.4,82.1,xl
175.5,84.4,xl
181.8,87.6,xl
180.8,80.0,l
191.7,98.4,xl
177.1,78.7,m
180.3,95.2,xl
179.2,67.6,s
175.6,68.3,m
178.0,84.1,l
179.2,82.8,xl
186.3,93.7,xl
182.0,106.0,xl
179.8,86.9,xl
191.3,85.3,l
169.1,75.3,l
182.2,93.3,xl
171.8,84.9,xl
178.9,95.7,xl
167.4,75.5,l
169.2,77.3,xl
180.4,73.5,l
180.0,84.9,l
186.2,101.0,xl
166.7,74.1,xl
163.3,77.3,xl
167.3,83.3,xl
189.6,94.5,l
182.6,98.4,xl
168.0,74.6,xl
179.9,91.7,xl
179.3,88.3,xl
182.0,101.6,xl
178.8,67.0,s
170.8,72.6,l
187.2,118.5,xl
189.7,82.9,l
173.9,78.6,xl
170.6,78.1,l
174.9,71.3,m
172.1,83.1,l
183.8,77.1,l
171.4,73.1,xl
168.3,77.5,l
168.8,72.7,l
169.6,75.8,l
178.0,89.8,xl
181.2,134.6,xl
174.8,87.0,xl
167.0,67.0,m
181.1,84.7,l
178.1,101.3,xl
176.4,80.2,l
166.1,69.7,m
173.7,94.7,xl
170.2,79.1,l
163.6,73.6,l
170.9,85.5,xl
171.0,103.6,xl
166.9,75.9,l
179.0,93.2,xl
179.2,95.5,xl
169.6,66.1,m
178.4,93.6,xl
176.7,86.5,xl
166.6,78.4,xl
172.1,72.4,m
164.4,73.7,l
172.4,83.8,xl
164.6,79.2,xl
177.1,70.0,l
178.1,88.6,xl
170.0,70.3,l
178.0,75.0,l
175.8,95.3,xl
181.8,78.5,l
170.3,98.0,xl
170.6,71.7,l
172.6,64.2,m
176.3,78.4,l
165.2,73.4,xl
180.5,100.0,xl
187.4,96.2,xl
181.6,80.9,l
174.0,79.1,l
168.1,68.0,m
165.5,65.6,m
176.3,84.1,xl
174.6,58.8,s
173.3,73.8,m
175.7,67.2,m
156.7,62.0,m
170.3,73.7,m
171.8,84.8,xl
187.1,79.2,m
172.8,85.8,xl
178.8,84.8,xl
168.8,67.5,m
176.5,89.6,xl
169.0,83.2,xl
171.8,73.1,m
182.8,98.5,xl
